"","x"
"nacion",691
"farc",599
"paz",503
"conflicto",361
"seguridad",350
"mmv",347
"medida",317
"política",310
"organizacion",295
"participación",278
"persona",276
"proceso",276
"social",267
"implementación",265
"comunidad",246
"mecanismo",237
"sistema",234
"fin",223
"víctima",218
"integr",215
"caso",214
"político",214
"arma",213
"jurisdicción",213
"información",212
"desarrollo",200
"movimiento",198
"mujer",197
"instancia",191
"conducta",189
"comisión",187
"humano",185
"marco",185
"garantía",184
"verdad",183
"zvtn",179
"territorio",177
"responsabilidad",176
"rural",175
"garantizar",174
"justicia",174
"cumplimiento",173
"programa",173
"verificación",173
"cfhbd",172
"internacion",171
"construcción",170
"establecido",166
"protección",165
"pública",159
"ley",154
"actividad",153
"condicion",145
"reconocimiento",143
"cuenta",142
"incluyendo",141
"reparación",140
"uso",140
"repetición",139
"amnistía",138
"general",133
"procedimiento",131
"anterior",126
"unidad",126
"delito",124
"libertad",123
"penal",120
"autoridad",119
"monitoreo",116
"necesaria",116
"acordado",115
"seguimiento",113
"género",112
"población",112
"vida",111
"compromiso",110
"nivel",110
"enfoqu",107
"contribuir",106
"cultivo",106
"funcionamiento",106
"tierra",106
"desplazamiento",104
"partido",104
"deberá",103
"efecto",102
"ejercicio",102
"público",102
"ejecución",100
"funcion",100
"jurídica",100
"civil",99
"dejación",99
"plan",99
"promoción",99
"respecto",99
"objeto",98
"present",98
"convivencia",97
"podrá",96
"ciudadana",94
"mediant",93
"proyecto",93
"criterio",91
"hecho",91
"ilícito",91
"indulto",91
"diferent",89
"marcha",89
"nuevo",89
"fuerza",88
"inform",87
"medio",87
"promov",87
"principio",86
"mismo",85
"region",85
"conform",84
"día",84
"mayor",84
"base",82
"reincorporación",82
"coordinación",81
"materia",81
"particular",80
"institucion",79
"recurso",79
"accion",78
"dicha",78
"tribun",78
"criminal",77
"legal",77
"sancion",77
"tratamiento",77
"armado",76
"norma",76
"dentro",75
"lugar",75
"organización",75
"control",74
"debe",74
"ilícita",74
"investigación",74
"vez",74
"riesgo",72
"asegurar",71
"deberán",71
"firma",71
"propósito",71
"droga",70
"grave",70
"objetivo",69
"sociedad",69
"violencia",68
"armamento",67
"atención",67
"creación",67
"fortalecimiento",67
"necesidad",67
"según",67
"técnica",67
"definición",66
"sustitución",66
"respeto",65
"reforma",64
"resolución",64
"perjuicio",63
"producción",63
"espacio",62
"territori",62
"aplicación",61
"trabajo",61
"campesina",60
"colombia",60
"correspondient",60
"fuego",60
"representant",60
"tránsito",60
"acompañamiento",59
"acto",59
"apoyo",59
"comunitaria",59
"situación",59
"directa",58
"hostilidad",58
"campamento",57
"carácter",57
"competencia",57
"duradera",57
"hombr",57
"capacidad",56
"colectiva",56
"colombiano",56
"establ",56
"travé",56
"deben",55
"técnico",55
"efectiva",54
"familiar",54
"órgano",54
"problema",54
"cese",53
"comunicación",53
"consejo",53
"fuent",53
"podrán",53
"pueblo",53
"relación",53
"situacion",53
"terreno",53
"ambient",52
"esclarecimiento",52
"fortalec",52
"misma",52
"solución",52
"facilitar",51
"listado",51
"siempr",51
"grupo",50
"posibl",50
"definitivo",49
"economía",49
"especial",49
"hacer",49
"reconciliación",49
"sivjrnr",49
"violacion",49
"ademá",48
"anexo",48
"bajo",48
"conformidad",48
"ello",48
"jep",48
"surja",48
"ciudadano",47
"evaluación",47
"normalización",47
"pertinent",47
"recomendacion",47
"registro",47
"sanción",47
"servicio",47
"tener",47
"término",47
"bilater",46
"daño",46
"delegado",46
"participativa",46
"respons",46
"terminación",46
"área",45
"competent",45
"consumo",45
"labor",45
"planeación",45
"tipo",45
"transitoria",45
"municion",44
"pnis",44
"revisión",44
"tiempo",44
"bien",43
"buen",43
"disposición",43
"identificación",43
"internacional",43
"puedan",43
"transport",43
"agent",42
"campo",42
"diferenci",42
"dispositivo",42
"dos",42
"equipo",42
"garantizará",42
"mesa",42
"person",42
"prevención",42
"salud",42
"territorial",42
"transparencia",42
"unida",42
"año",41
"aplicará",41
"definitiva",41
"estrategia",41
"estructura",41
"report",41
"sección",41
"sentencia",41
"creará",40
"csvr",40
"cual",40
"cultura",40
"económico",40
"entrada",40
"especialment",40
"frent",40
"legislativo",40
"mandato",40
"nueva",40
"partir",40
"pondrá",40
"realizar",40
"república",40
"transformación",40
"bienestar",39
"causa",39
"cumplir",39
"democrática",39
"establec",39
"infraestructura",39
"municipal",39
"pdet",39
"razón",39
"comunitario",38
"contexto",38
"judicial",38
"ocasión",38
"regla",38
"relacionado",38
"rri",38
"trata",38
"aquella",37
"asistencia",37
"decision",37
"diferencia",37
"financiación",37
"hacia",37
"hará",37
"interno",37
"magistrado",37
"miembro",37
"persecución",37
"resultado",37
"sector",37
"afectada",36
"colombiana",36
"democracia",36
"extinción",36
"individu",36
"judici",36
"momento",36
"niña",36
"numer",36
"permita",36
"valor",36
"adoptar",35
"afectado",35
"colectivo",35
"confianza",35
"difusión",35
"elector",35
"fiscal",35
"función",35
"inicio",35
"lucha",35
"menor",35
"niño",35
"presencia",35
"puesta",35
"rede",35
"ruta",35
"sede",35
"constitución",34
"contenido",34
"deber",34
"efectivo",34
"explosivo",34
"incluida",34
"ingreso",34
"propiedad",34
"pueden",34
"almacenamiento",33
"condición",33
"decisión",33
"diferenciado",33
"humanitario",33
"infraccion",33
"plena",33
"promoverá",33
"regional",33
"sexual",33
"vigencia",33
"alto",32
"desaparecida",32
"económica",32
"elemento",32
"entidad",32
"evento",32
"generación",32
"libr",32
"oposición",32
"permanent",32
"práctica",32
"propuesta",32
"requier",32
"tres",32
"vigor",32
"administrativa",31
"búsqueda",31
"centro",31
"fase",31
"impuesta",31
"número",31
"permitan",31
"relacionada",31
"secretario",31
"vivir",31
"acusación",30
"ajust",30
"amenaza",30
"comercialización",30
"contribución",30
"escenario",30
"indirecta",30
"narcotráfico",30
"paramilitarismo",30
"poblacion",30
"representación",30
"satisfacción",30
"solicitud",30
"tarea",30
"transitorio",30
"análisi",29
"asamblea",29
"conjunto",29
"cultural",29
"documento",29
"fecha",29
"nación",29
"selección",29
"veredal",29
"aquello",28
"cometido",28
"común",28
"conexo",28
"conocimiento",28
"contará",28
"definir",28
"disciplinaria",28
"diseño",28
"familia",28
"formación",28
"hace",28
"investigacion",28
"misión",28
"municipio",28
"pobreza",28
"privada",28
"requisito",28
"tale",28
"acordada",27
"activo",27
"amnisti",27
"amplia",27
"comunicacion",27
"consecuencia",27
"cronograma",27
"dada",27
"defensa",27
"específica",27
"étnico",27
"indígena",27
"logística",27
"resolucion",27
"sosten",27
"agenda",26
"avanc",26
"código",26
"condenado",26
"corrupción",26
"defensor",26
"departamental",26
"distinta",26
"educación",26
"inmediata",26
"militar",26
"oportunidad",26
"previament",26
"propio",26
"rebelión",26
"renuncia",26
"respectiva",26
"sostenibilidad",26
"característica",25
"conversacion",25
"diálogo",25
"énfasi",25
"esfuerzo",25
"establecida",25
"fenómeno",25
"igualdad",25
"implica",25
"individual",25
"ordinaria",25
"poner",25
"propia",25
"protesta",25
"suficient",25
"tenencia",25
"ubicación",25
"verificar",25
"adopción",24
"agosto",24
"alternativa",24
"armada",24
"construir",24
"contenedor",24
"despliegu",24
"haber",24
"incumplimiento",24
"integral",24
"previsto",24
"pued",24
"recibir",24
"rigen",24
"tras",24
"ubpd",24
"vigent",24
"campaña",23
"dato",23
"denominada",23
"ejecutivo",23
"encuentren",23
"étnica",23
"impacto",23
"insumo",23
"integrado",23
"monitor",23
"municip",23
"ningún",23
"opinión",23
"país",23
"prioridad",23
"sucesora",23
"adecuación",22
"alerta",22
"capacitación",22
"comité",22
"debido",22
"fondo",22
"mese",22
"plazo",22
"privación",22
"productivo",22
"recuperación",22
"resto",22
"vivienda",22
"acuerdan",21
"alimentación",21
"calidad",21
"circunstancia",21
"cometida",21
"definido",21
"determinación",21
"días",21
"experiencia",21
"fiscalía",21
"formalización",21
"incident",21
"institucional",21
"interé",21
"interior",21
"luego",21
"oportuna",21
"president",21
"previa",21
"primera",21
"producto",21
"régimen",21
"restitución",21
"tema",21
"toma",21
"vigilancia",21
"vulner",21
"adecuada",20
"adelant",20
"alcanc",20
"alternativo",20
"ámbito",20
"aprobación",20
"articulación",20
"autonomía",20
"beneficiario",20
"compromet",20
"comprometen",20
"conclusion",20
"conjunta",20
"constitucion",20
"cooperación",20
"crear",20
"cultur",20
"defensora",20
"destinatario",20
"entrega",20
"fundament",20
"guerra",20
"implementará",20
"incluy",20
"integración",20
"interlocución",20
"lograr",20
"obligacion",20
"ocurrido",20
"orden",20
"organizado",20
"participar",20
"poder",20
"privado",20
"subsidio",20
"sujeto",20
"violación",20
"adelantar",19
"adolescent",19
"agrícola",19
"alimento",19
"atendiendo",19
"beneficio",19
"cantidad",19
"ciudadanía",19
"consulta",19
"contien",19
"cuyo",19
"discusión",19
"distinto",19
"especializada",19
"estatuto",19
"identificar",19
"inclusión",19
"integridad",19
"interes",19
"metodología",19
"prevenir",19
"prevista",19
"pueda",19
"retorno",19
"supervisión",19
"supuesto",19
"alimentaria",18
"apertura",18
"apoyar",18
"beneficiaria",18
"campesino",18
"causado",18
"combatient",18
"condicionada",18
"congreso",18
"contemplado",18
"delegada",18
"democrático",18
"efectividad",18
"establecerá",18
"garant",18
"garantizando",18
"generar",18
"jurídico",18
"lavado",18
"mando",18
"ofici",18
"onu",18
"particularidad",18
"pertenencia",18
"priorizada",18
"productor",18
"requiera",18
"activa",17
"administración",17
"adoptada",17
"adopten",17
"adquirido",17
"atend",17
"comision",17
"coordinará",17
"crédito",17
"edad",17
"evitar",17
"fundamental",17
"histórica",17
"incluido",17
"incluir",17
"inicia",17
"lineamiento",17
"manejo",17
"materi",17
"movilización",17
"productora",17
"providencia",17
"realiza",17
"realización",17
"reconoc",17
"rendición",17
"solo",17
"suministro",17
"temprana",17
"texto",17
"verificado",17
"acta",16
"adicionalment",16
"administrativo",16
"buena",16
"cámara",16
"cargo",16
"comisionado",16
"condena",16
"controversia",16
"cuba",16
"cumplan",16
"dar",16
"decidir",16
"denuncia",16
"desmantelamiento",16
"digna",16
"dispuesto",16
"equidad",16
"estigmatización",16
"estructur",16
"extradición",16
"fine",16
"funcionario",16
"gestión",16
"juicio",16
"logístico",16
"meta",16
"normativo",16
"obra",16
"participativo",16
"pena",16
"policía",16
"primer",16
"proteg",16
"realizará",16
"reconozcan",16
"representativa",16
"respetando",16
"solidaria",16
"solucion",16
"superior",16
"voluntaria",16
"acced",15
"adecuado",15
"agua",15
"ampliación",15
"asociada",15
"contribuya",15
"coordinacion",15
"cuerpo",15
"cuya",15
"dará",15
"desempeño",15
"despué",15
"electoral",15
"erradicación",15
"establezca",15
"formulación",15
"frontera",15
"granada",15
"harán",15
"igual",15
"iniciativa",15
"mejorar",15
"núcleo",15
"organismo",15
"pacífica",15
"priorización",15
"realizan",15
"reserva",15
"servidor",15
"solicitar",15
"solicitará",15
"sometimiento",15
"trate",15
"último",15
"valoración",15
"veeduría",15
"vías",15
"acusada",14
"aplic",14
"asunto",14
"básica",14
"brevedad",14
"cierr",14
"colaboración",14
"condenada",14
"contribuyan",14
"coordinada",14
"correspond",14
"corresponda",14
"crimen",14
"cuentan",14
"desarrollará",14
"determinado",14
"directora",14
"divulgación",14
"ejerc",14
"ejercen",14
"establecimiento",14
"estudio",14
"evidencia",14
"fortalecerá",14
"fundamento",14
"habana",14
"hacen",14
"identidad",14
"mayo",14
"milicia",14
"modelo",14
"paramilitar",14
"participaciónejecución",14
"polici",14
"presentar",14
"proferida",14
"recolección",14
"satisfac",14
"seccion",14
"superación",14
"surjan",14
"totalidad",14
"ver",14
"alcanzado",13
"alguna",13
"aspecto",13
"basada",13
"canal",13
"ciudad",13
"consider",13
"convenio",13
"crímene",13
"definida",13
"departament",13
"desarrollar",13
"dih",13
"discapacidad",13
"eficaz",13
"elaboración",13
"empleo",13
"especializado",13
"estratégica",13
"extracción",13
"garanticen",13
"hoja",13
"hubier",13
"indult",13
"instrumento",13
"interesado",13
"interpretación",13
"jóvene",13
"largo",13
"liter",13
"logro",13
"mejoramiento",13
"nombr",13
"normatividad",13
"operacion",13
"párrafo",13
"pleno",13
"pondrán",13
"posterior",13
"razon",13
"rebeld",13
"refier",13
"región",13
"relacion",13
"requerimiento",13
"respuesta",13
"salida",13
"segura",13
"suscrito",13
"tecnológica",13
"tolerancia",13
"trabajadora",13
"visión",13
"abandono",12
"adoptará",12
"adoptarán",12
"amenacen",12
"aquí",12
"cabo",12
"candidato",12
"comparec",12
"compra",12
"concertada",12
"contar",12
"coordinar",12
"debat",12
"determinar",12
"director",12
"dispon",12
"disponibilidad",12
"diversidad",12
"esquema",12
"expresament",12
"extranjero",12
"factor",12
"finalización",12
"formal",12
"futuro",12
"igualment",12
"impulso",12
"incluya",12
"incorporación",12
"inest",12
"junto",12
"laboral",12
"manten",12
"médica",12
"mencionada",12
"mencionado",12
"mina",12
"mínimo",12
"normativa",12
"participaron",12
"pedagogía",12
"período",12
"perspectiva",12
"perturbación",12
"presupuesto",12
"principal",12
"proced",12
"procesado",12
"productiva",12
"recepción",12
"recibido",12
"requieran",12
"roma",12
"senado",12
"sólo",12
"superar",12
"trabajador",12
"vocero",12
"actuacion",11
"acuerden",11
"ampliar",11
"avanzar",11
"brindar",11
"cinco",11
"cobertura",11
"concordancia",11
"conducción",11
"conformación",11
"consenso",11
"considerando",11
"constitucional",11
"consumidora",11
"coordenada",11
"curso",11
"definirá",11
"derivada",11
"designado",11
"destrucción",11
"diseñar",11
"distribución",11
"duración",11
"encuentran",11
"equitativo",11
"equivalent",11
"esclarec",11
"ésta",11
"establecerán",11
"estándar",11
"éste",11
"etc",11
"exclusivament",11
"existent",11
"extrajudicial",11
"facultad",11
"ficha",11
"haga",11
"hagan",11
"herramienta",11
"hora",11
"imparcialidad",11
"implementar",11
"incluirán",11
"incorporará",11
"instituto",11
"lídere",11
"limpieza",11
"mejor",11
"ministerio",11
"naturaleza",11
"ninguna",11
"observador",11
"ordenamiento",11
"otorgará",11
"participen",11
"pequeño",11
"periodo",11
"permanencia",11
"permit",11
"personal",11
"petición",11
"pluralismo",11
"preparación",11
"presentará",11
"procedent",11
"progresiva",11
"provisión",11
"referencia",11
"reglamento",11
"resolv",11
"respectivo",11
"riego",11
"salvo",11
"sentar",11
"sitio",11
"total",11
"traslado",11
"utilización",11
"verifica",11
"acompañado",10
"actor",10
"afrodescendient",10
"agraria",10
"ambiental",10
"aprobado",10
"circunscripcion",10
"combat",10
"conced",10
"consolidación",10
"constituyen",10
"consumidor",10
"contarán",10
"contribuirá",10
"contribuyen",10
"cooperativa",10
"crimin",10
"debida",10
"declaración",10
"departamento",10
"determin",10
"dignidad",10
"discriminación",10
"diversa",10
"dominio",10
"educativa",10
"ejemplo",10
"entrado",10
"específico",10
"experto",10
"explotar",10
"expresión",10
"física",10
"forzado",10
"ginebra",10
"hoy",10
"humanidad",10
"ileg",10
"impulsará",10
"incluyen",10
"indirectament",10
"inici",10
"integrada",10
"investigado",10
"judicialización",10
"lgbti",10
"lideresa",10
"lista",10
"manipulación",10
"mantenimiento",10
"masiva",10
"máximo",10
"múltipl",10
"noruega",10
"numeral",10
"obligación",10
"oferta",10
"oficina",10
"orientación",10
"pacto",10
"personería",10
"planeamiento",10
"posibilidad",10
"prioritaria",10
"recibirá",10
"rehabilitación",10
"relativo",10
"remitirá",10
"socio",10
"supon",10
"tempor",10
"temporal",10
"transición",10
"únicament",10
"único",10
"unión",10
"universidad",10
"acuerd",9
"adelantará",9
"adicional",9
"alcanzar",9
"anterioridad",9
"anticipada",9
"antiperson",9
"aplicarán",9
"artefacto",9
"asegur",9
"asociacion",9
"beneficiado",9
"censo",9
"comisionada",9
"comprometida",9
"comprometido",9
"concepción",9
"concesión",9
"conformada",9
"consideración",9
"consist",9
"contemplada",9
"contribuy",9
"cuanto",9
"cultivadora",9
"cumplida",9
"debidament",9
"decir",9
"declaracion",9
"defensoresa",9
"defina",9
"delegación",9
"determinada",9
"dirigida",9
"diseñará",9
"eficient",9
"ejecutiva",9
"elaborará",9
"elección",9
"entiend",9
"entregado",9
"financiero",9
"funcionariosa",9
"grado",9
"guaviar",9
"habitan",9
"humana",9
"humanitaria",9
"important",9
"incorporar",9
"indicado",9
"ingresar",9
"inmediatament",9
"intervención",9
"juzgada",9
"legalidad",9
"liderazgo",9
"línea",9
"masacr",9
"mercado",9
"millon",9
"ministro",9
"papel",9
"popular",9
"presidencia",9
"primero",9
"promoviendo",9
"propon",9
"reciba",9
"reconocido",9
"representativo",9
"requerido",9
"respond",9
"secretaría",9
"segundo",9
"sentido",9
"servidoresa",9
"tercero",9
"tomar",9
"tomará",9
"ubicada",9
"victimización",9
"vinculada",9
"virtud",9
"vocación",9
"voluntad",9
"zrc",9
"acompañant",8
"acreditación",8
"antiguo",8
"aportar",8
"articular",8
"asignado",8
"atentan",8
"audiencia",8
"cabeza",8
"calificación",8
"cambio",8
"candidata",8
"central",8
"cesación",8
"cnr",8
"combatir",8
"compuesto",8
"comun",8
"concentración",8
"concepto",8
"concertación",8
"concurso",8
"conoc",8
"contratación",8
"cort",8
"cultivador",8
"dando",8
"depósito",8
"desplazada",8
"destinado",8
"determinant",8
"determinará",8
"disturbio",8
"ecomún",8
"efectuada",8
"efectuará",8
"ejecucion",8
"ejecutar",8
"elegido",8
"encargada",8
"encargado",8
"entrar",8
"equilibrado",8
"escogencia",8
"estimular",8
"falta",8
"flujo",8
"gratuita",8
"haciendo",8
"homicidio",8
"idoneidad",8
"impondrán",8
"improvisado",8
"impulsar",8
"incluirá",8
"independencia",8
"institucionalidad",8
"integralidad",8
"integran",8
"interinstitucion",8
"involucrado",8
"jefe",8
"juez",8
"lesa",8
"manifiesten",8
"material",8
"meno",8
"mutuo",8
"natural",8
"negra",8
"nunca",8
"observacion",8
"ofrec",8
"orientada",8
"orientado",8
"palenquera",8
"participado",8
"permanec",8
"persistencia",8
"pertenec",8
"pertenecient",8
"plataforma",8
"plenament",8
"plenipotenciario",8
"pluralista",8
"pongan",8
"port",8
"presentado",8
"presenten",8
"presunto",8
"princip",8
"priorizando",8
"promueva",8
"psicosoci",8
"publicación",8
"raizal",8
"rápida",8
"reacción",8
"realizado",8
"reconocida",8
"reconociendo",8
"relevant",8
"remitida",8
"requieren",8
"san",8
"sancionado",8
"serlo",8
"somet",8
"sufrimiento",8
"suspensión",8
"sustancia",8
"sustracción",8
"tardar",8
"testigo",8
"trámite",8
"transformacion",8
"transparent",8
"ubicado",8
"vereda",8
"vinculación",8
"violento",8
"vocera",8
"abogado",7
"aceptación",7
"actual",7
"actualización",7
"adjudicación",7
"aei",7
"afectar",7
"afrocolombiana",7
"ágil",7
"ajeno",7
"alistamiento",7
"alrededor",7
"alta",7
"amplio",7
"analizar",7
"apropiada",7
"armerillo",7
"aseguramiento",7
"asesoría",7
"asociado",7
"asonada",7
"cadena",7
"calificado",7
"carnal",7
"certifica",7
"comprometa",7
"comunica",7
"conexidad",7
"conferencia",7
"consideran",7
"consolidar",7
"constituirá",7
"constituy",7
"constituyan",7
"contado",7
"contenida",7
"coordin",7
"copia",7
"cosa",7
"crea",7
"creado",7
"crearán",7
"definirán",7
"delegadoa",7
"demanda",7
"desaparición",7
"designada",7
"detrimento",7
"dimension",7
"directament",7
"disciplinario",7
"disfrut",7
"disposicion",7
"dotación",7
"eficacia",7
"elegida",7
"emergencia",7
"encontrar",7
"encuentra",7
"enfrentar",7
"enlac",7
"equilibrada",7
"establezcan",7
"estat",7
"estímulo",7
"excarcelado",7
"existir",7
"experta",7
"exterior",7
"fabricación",7
"favorabilidad",7
"fijar",7
"financiar",7
"formulario",7
"forzada",7
"garantic",7
"genocidio",7
"gravedad",7
"gubernamental",7
"hubieren",7
"impedir",7
"implementarán",7
"impunidad",7
"independient",7
"informará",7
"inspección",7
"instalacion",7
"instalación",7
"investigada",7
"investigar",7
"iván",7
"julio",7
"limitación",7
"localización",7
"magistrada",7
"manifestación",7
"map",7
"mediano",7
"mercadeo",7
"mérito",7
"mira",7
"monitoreado",7
"monumento",7
"muse",7
"nacionalidad",7
"negociador",7
"onal",7
"orientador",7
"otorgar",7
"pactado",7
"paso",7
"periódica",7
"periódico",7
"perseguir",7
"pertenezcan",7
"ponga",7
"presentación",7
"presidenci",7
"presunta",7
"progresivo",7
"promuevan",7
"prueba",7
"punibl",7
"rama",7
"rechazo",7
"reclutamiento",7
"recolectada",7
"referida",7
"reg",7
"rehen",7
"relativa",7
"requerida",7
"revolucionaria",7
"salir",7
"señalado",7
"sino",7
"soberanía",7
"solidaridad",7
"solucionar",7
"subdirección",7
"subordinado",7
"suelo",7
"sustituir",7
"terminado",7
"tortura",7
"una",7
"urbana",7
"utilizada",7
"verificará",7
"vuelo",7
"academia",6
"activament",6
"acudir",6
"acusacion",6
"adaptación",6
"adelanten",6
"adquisición",6
"afect",6
"agrario",6
"agropecuaria",6
"amnistiado",6
"aplicado",6
"aplicar",6
"aportará",6
"apoyará",6
"asignación",6
"atenderá",6
"atenten",6
"aún",6
"ausencia",6
"autónoma",6
"básico",6
"busca",6
"buscará",6
"calificada",6
"call",6
"ciencia",6
"clave",6
"comandant",6
"comparecient",6
"compat",6
"complementaria",6
"composición",6
"concreta",6
"conden",6
"conforman",6
"conjuntament",6
"conservación",6
"consignado",6
"constatar",6
"cuál",6
"cualquiera",6
"cuent",6
"decidirá",6
"dedicada",6
"derivado",6
"deriven",6
"descrito",6
"determinarán",6
"diagnóstico",6
"diciembr",6
"diferenciada",6
"dignificación",6
"dinámica",6
"directo",6
"dirimir",6
"dispondrá",6
"eje",6
"ejército",6
"elaborado",6
"elaborar",6
"embargo",6
"emisora",6
"empresa",6
"enero",6
"entendido",6
"entrará",6
"entregan",6
"entregarán",6
"equitativa",6
"escolar",6
"estatal",6
"estim",6
"estratégico",6
"estructural",6
"etapa",6
"excarcelación",6
"exista",6
"extingu",6
"feder",6
"finalidad",6
"firm",6
"fomentar",6
"fomento",6
"fortalecerán",6
"garantiza",6
"goce",6
"gremio",6
"idea",6
"identificado",6
"iglesia",6
"implementan",6
"informada",6
"informar",6
"iniciar",6
"inmuebl",6
"institución",6
"instruccion",6
"insuficient",6
"integrar",6
"introducción",6
"inventario",6
"investigador",6
"josé",6
"kroc",6
"lanzamiento",6
"legislativa",6
"legítimo",6
"lesion",6
"liberado",6
"límite",6
"mantendrá",6
"memoria",6
"mision",6
"monitorear",6
"monopolio",6
"movilidad",6
"nutrición",6
"obligatorio",6
"obstáculo",6
"obstrucción",6
"obten",6
"ocasionado",6
"ofensiva",6
"oficial",6
"operador",6
"oportuno",6
"organizativa",6
"orígen",6
"particularment",6
"peligroso",6
"penetración",6
"pequeña",6
"permitir",6
"pie",6
"posibilitar",6
"precisa",6
"predio",6
"preferent",6
"presunción",6
"previo",6
"priorizado",6
"pronunciamiento",6
"pudiendo",6
"quedarán",6
"realicen",6
"recolectora",6
"reconstrucción",6
"recreación",6
"reducción",6
"referent",6
"reflexión",6
"reincorporen",6
"relacionamiento",6
"remitir",6
"reparadora",6
"reunion",6
"secretaria",6
"secuencia",6
"seleccionado",6
"semejant",6
"simultáneo",6
"solicit",6
"sugerencia",6
"suizo",6
"suma",6
"táctica",6
"tecnología",6
"tejido",6
"tercer",6
"tome",6
"tradicional",6
"transformar",6
"transformen",6
"transitar",6
"tratado",6
"unp",6
"valorará",6
"visibl",6
"vista",6
"viva",6
"voto",6
"vuelva",6
"abastecimiento",5
"abordar",5
"abordará",5
"abrirá",5
"acaecido",5
"accident",5
"acordamo",5
"actuación",5
"acusado",5
"adecuadament",5
"adoptan",5
"adscrito",5
"adulta",5
"afectación",5
"ahora",5
"antioquia",5
"aplica",5
"aprobada",5
"aseguren",5
"asentado",5
"aunqu",5
"autorización",5
"autorizado",5
"barrera",5
"basado",5
"buscar",5
"capacitar",5
"capit",5
"capitulo",5
"carrera",5
"catastr",5
"catastro",5
"causal",5
"ciclo",5
"civilidad",5
"clara",5
"colombianosa",5
"cómo",5
"complejidad",5
"complemento",5
"compuesta",5
"concertado",5
"conciencia",5
"concluido",5
"concret",5
"conectividad",5
"confiabl",5
"confrontación",5
"conociendo",5
"considerada",5
"contacto",5
"contempla",5
"contemplará",5
"contendrá",5
"continuación",5
"contradictorio",5
"contribuirán",5
"convencion",5
"convenido",5
"coordinado",5
"coordinarán",5
"correspondan",5
"correspondencia",5
"costo",5
"creen",5
"cuatro",5
"curul",5
"debiendo",5
"decida",5
"decididament",5
"defensoría",5
"democratización",5
"denominado",5
"depend",5
"dependerá",5
"desacuerdo",5
"desaparecido",5
"desarrolla",5
"descontaminación",5
"descripción",5
"descrita",5
"deseen",5
"designa",5
"designación",5
"designará",5
"desplegada",5
"despojo",5
"destino",5
"detallado",5
"dificultad",5
"domicilio",5
"drenaj",5
"efectivament",5
"efectuado",5
"efectuar",5
"eficiencia",5
"ejecutarán",5
"ejercerá",5
"eliminación",5
"emprend",5
"empresario",5
"enfrentan",5
"entenders",5
"entregará",5
"escrito",5
"esenci",5
"esencial",5
"éstas",5
"estrechament",5
"europea",5
"evacuación",5
"evaluar",5
"excepción",5
"exclusión",5
"existencia",5
"éxito",5
"extensión",5
"extra",5
"extrema",5
"facilitado",5
"financiamiento",5
"finanza",5
"forens",5
"funcionaria",5
"garantizan",5
"genera",5
"generacion",5
"geográfica",5
"gran",5
"guía",5
"hectárea",5
"histórico",5
"humberto",5
"implementa",5
"implementada",5
"implementen",5
"impon",5
"importancia",5
"impuesto",5
"incentivo",5
"indemnización",5
"indicada",5
"iniciará",5
"intercambio",5
"inversión",5
"investigu",5
"invitar",5
"iur",5
"juec",5
"junio",5
"legitimidad",5
"manifestacion",5
"márquez",5
"materializar",5
"mayoría",5
"media",5
"medicamento",5
"médico",5
"mensual",5
"miseria",5
"mitigación",5
"modalidad",5
"motivo",5
"movilizars",5
"normal",5
"observación",5
"observatorio",5
"obsta",5
"obtenida",5
"ocho",5
"ocurrida",5
"oficio",5
"opcion",5
"organizada",5
"organizar",5
"orientar",5
"origen",5
"paralela",5
"parámetro",5
"patriótica",5
"pensamiento",5
"permiten",5
"porta",5
"posterioridad",5
"potabl",5
"predial",5
"preparar",5
"presentars",5
"preservación",5
"presidenta",5
"procederá",5
"proces",5
"procuraduría",5
"producir",5
"profundización",5
"progresivament",5
"prohibición",5
"promoverán",5
"propiciar",5
"propietario",5
"provenient",5
"puesto",5
"quedando",5
"realidad",5
"realizada",5
"recibida",5
"recibirán",5
"recolector",5
"refrendación",5
"reino",5
"remitido",5
"remitirlo",5
"residencia",5
"respetar",5
"restricción",5
"resulten",5
"reubicacion",5
"reunión",5
"revisar",5
"sancionar",5
"seguro",5
"seleccionar",5
"señalada",5
"seri",5
"servirá",5
"simétrico",5
"sindical",5
"sistemática",5
"solicita",5
"sometida",5
"terminar",5
"tomarán",5
"torno",5
"tripartita",5
"ubican",5
"única",5
"unido",5
"urbano",5
"utc",5
"utilizado",5
"vayan",5
"verific",5
"vinculado",5
"voluntario",5
"vulnerabilidad",5
"abrir",4
"accesoria",4
"aceptada",4
"acerca",4
"acogers",4
"acopio",4
"acoplamiento",4
"acord",4
"acordarán",4
"acreditado",4
"acumular",4
"adulto",4
"afecta",4
"agricultor",4
"agricultora",4
"agrupación",4
"amediera",4
"analiza",4
"ancestral",4
"ancho",4
"ánimo",4
"antecedent",4
"anual",4
"apelación",4
"apliquen",4
"aport",4
"aportando",4
"aprobatoria",4
"apropiación",4
"apropiado",4
"archivo",4
"arriba",4
"asegurando",4
"asesorar",4
"asignará",4
"asociativa",4
"asociatividad",4
"asumirá",4
"automático",4
"autor",4
"autorizar",4
"berna",4
"biodiversidad",4
"borrador",4
"brinden",4
"bueno",4
"buscan",4
"caleta",4
"camino",4
"carcelario",4
"categoría",4
"cauca",4
"celac",4
"certificar",4
"circunscripción",4
"ciudadanosa",4
"colaborar",4
"colectivament",4
"comet",4
"comunicado",4
"concederá",4
"confiabilidad",4
"conformado",4
"congestión",4
"conscient",4
"considerado",4
"considerará",4
"consideren",4
"consigna",4
"constitucionalidad",4
"constituida",4
"contenga",4
"contingencia",4
"contrast",4
"contrastar",4
"contribuido",4
"convergencia",4
"convocatoria",4
"corresponden",4
"corresponderá",4
"corresponsabilidad",4
"creada",4
"cualificación",4
"cumpla",4
"custodia",4
"dado",4
"darán",4
"deba",4
"deban",4
"decidida",4
"declaren",4
"decreto",4
"defin",4
"definicion",4
"delegadosa",4
"deliberado",4
"delimitación",4
"delimitada",4
"delinquir",4
"desarticular",4
"descongestión",4
"describen",4
"desenvolvimiento",4
"designen",4
"desigualdad",4
"desmantelar",4
"desminado",4
"desplegar",4
"detall",4
"detallada",4
"determinen",4
"didh",4
"diferencial",4
"digno",4
"dirigent",4
"dirigido",4
"diverso",4
"ecosistema",4
"efectúa",4
"ejecutada",4
"elevar",4
"élite",4
"emit",4
"empresaria",4
"encuentro",4
"enjuiciamiento",4
"entendimiento",4
"envía",4
"erradicar",4
"escuela",4
"estipulado",4
"éstos",4
"evaluará",4
"excepcion",4
"excepcionalment",4
"exim",4
"existan",4
"expectativa",4
"exploratorio",4
"explotación",4
"expresa",4
"extranjera",4
"extraordinario",4
"facilitará",4
"faciliten",4
"favor",4
"femenina",4
"finaliza",4
"finalizado",4
"fluvial",4
"forest",4
"frecuencia",4
"funcionar",4
"funda",4
"fundars",4
"garantizarán",4
"geo",4
"habitant",4
"hambr",4
"historia",4
"ideológica",4
"imposición",4
"impun",4
"incidencia",4
"incluso",4
"incluyan",4
"incluyent",4
"incorporarán",4
"indicador",4
"indiqu",4
"individualización",4
"infancia",4
"inferior",4
"informado",4
"ingresen",4
"inicialment",4
"inmateri",4
"innovación",4
"integrará",4
"inteligencia",4
"intención",4
"interna",4
"intervinient",4
"inversion",4
"involucrada",4
"jurisdiccion",4
"lgtbi",4
"llamado",4
"llegada",4
"llegado",4
"llegar",4
"llevar",4
"lucro",4
"madr",4
"magistradosa",4
"manifiesta",4
"mantien",4
"manual",4
"mapa",4
"marginalidad",4
"máxima",4
"mediana",4
"método",4
"mile",4
"modificación",4
"monitorea",4
"monto",4
"moral",4
"multidimension",4
"munición",4
"nombramiento",4
"nutricion",4
"observancia",4
"observarán",4
"obstaculizar",4
"obtención",4
"obtengan",4
"ocultar",4
"organizativo",4
"otorgado",4
"otorgarán",4
"padr",4
"participan",4
"participant",4
"participarán",4
"pasivo",4
"pauta",4
"peligrosa",4
"periódicament",4
"permanezca",4
"pone",4
"poniendo",4
"precio",4
"pregunta",4
"presenta",4
"prestación",4
"presupuest",4
"principalment",4
"priorizará",4
"priorizarán",4
"prisión",4
"procesal",4
"produzca",4
"progresividad",4
"pronta",4
"queden",4
"realic",4
"realizarán",4
"recib",4
"recolectar",4
"recopilada",4
"recordando",4
"referido",4
"refieren",4
"reglamentación",4
"renunciar",4
"reparador",4
"resocialización",4
"respetará",4
"respetarán",4
"restriccion",4
"resuelta",4
"result",4
"resultar",4
"reto",4
"reubicación",4
"reúnan",4
"revisada",4
"saneamiento",4
"secuenci",4
"secundaria",4
"segunda",4
"sexo",4
"significa",4
"socioeconómica",4
"sometido",4
"sub",4
"suministrada",4
"tecnológico",4
"temática",4
"temático",4
"tercera",4
"testimonio",4
"topografía",4
"trabajan",4
"tradicion",4
"tramitarán",4
"trasladada",4
"trazabl",4
"tripartito",4
"univers",4
"utilizar",4
"verdadera",4
"verificacion",4
"verificada",4
"verificador",4
"version",4
"vía",4
"viabilidad",4
"vial",4
"vínculo",4
"vision",4
"voluntariament",4
"abajo",3
"abandonada",3
"abandonar",3
"abuso",3
"académica",3
"académico",3
"aceptar",3
"acompañar",3
"acompañen",3
"actuará",3
"acumulada",3
"adecuará",3
"adelantarán",3
"adicion",3
"afectacion",3
"afectan",3
"afianzar",3
"afirmativa",3
"agilizar",3
"agregado",3
"agregar",3
"agropecuario",3
"agrupacion",3
"agruparán",3
"ajustar",3
"algún",3
"alianza",3
"alimenticio",3
"allí",3
"almacena",3
"almacenar",3
"altament",3
"amba",3
"ambientalment",3
"ampliada",3
"ampliament",3
"anteriorment",3
"anualment",3
"anuncio",3
"apartada",3
"apelacion",3
"aportado",3
"apoy",3
"apreciación",3
"aprovechar",3
"arreglo",3
"artesan",3
"articulo",3
"asistido",3
"asociación",3
"asumido",3
"asumir",3
"atribuida",3
"atribuir",3
"atribuyan",3
"autoprotección",3
"baja",3
"baldío",3
"basa",3
"bogotá",3
"bosqu",3
"brecha",3
"brindará",3
"buscando",3
"cadáver",3
"cambiar",3
"campesinado",3
"capacitado",3
"capital",3
"captura",3
"caracterización",3
"caracterizar",3
"carecen",3
"carga",3
"célere",3
"certificación",3
"chile",3
"científica",3
"clarament",3
"coca",3
"coincidan",3
"colisión",3
"columna",3
"comedor",3
"comerciant",3
"compartido",3
"complementario",3
"completa",3
"completo",3
"comportamiento",3
"comprensión",3
"comunal",3
"comunicará",3
"comunicarlo",3
"conciern",3
"concluyeran",3
"condenatoria",3
"conduzcan",3
"confidenci",3
"confidencialidad",3
"conformar",3
"conlleva",3
"consagrado",3
"consecución",3
"considera",3
"consideracion",3
"considerar",3
"considerars",3
"consistirá",3
"consolida",3
"consonancia",3
"constar",3
"constituido",3
"constituir",3
"construirá",3
"consultar",3
"consumación",3
"consumen",3
"contemplar",3
"conten",3
"continuarán",3
"continuo",3
"contraloría",3
"contrario",3
"contrato",3
"contribuyeron",3
"convenient",3
"convocará",3
"credibilidad",3
"criminalidad",3
"crítica",3
"cualitativament",3
"cultivar",3
"cumplido",3
"cumpliendo",3
"dame",3
"debería",3
"débil",3
"decidan",3
"decidirán",3
"declarado",3
"declarar",3
"dejar",3
"delegacion",3
"deliberación",3
"den",3
"deport",3
"depositará",3
"desagregada",3
"desarrollarán",3
"desempeñan",3
"desplazado",3
"destinación",3
"destinarlo",3
"determina",3
"dia",3
"didáctico",3
"diez",3
"difundir",3
"directivo",3
"dirigir",3
"disciplina",3
"discutirán",3
"diseñado",3
"diseñarán",3
"disparo",3
"dispersa",3
"dure",3
"educativo",3
"efectuars",3
"ejecut",3
"ejemplar",3
"ejercida",3
"ejerzan",3
"elaborarán",3
"eleccion",3
"eléctrica",3
"empleado",3
"encadenamiento",3
"encargo",3
"encuentr",3
"enriquec",3
"ent",3
"entenderá",3
"enviado",3
"equipamiento",3
"error",3
"escala",3
"especialización",3
"específicament",3
"especificidad",3
"espíritu",3
"establecen",3
"estereotipo",3
"estructuración",3
"ética",3
"etnia",3
"eventual",3
"evitando",3
"excarcelada",3
"exhaustiva",3
"exhaustivo",3
"exigir",3
"exigírsel",3
"exiliado",3
"expertoa",3
"expertosa",3
"falsa",3
"fiduciario",3
"fila",3
"financiera",3
"firman",3
"foment",3
"formalizará",3
"formalment",3
"formar",3
"formato",3
"formulada",3
"foro",3
"fraud",3
"fuer",3
"fuert",3
"funcionará",3
"ganadera",3
"ganadero",3
"gasto",3
"generado",3
"generan",3
"generen",3
"geográfico",3
"gestant",3
"gestion",3
"global",3
"grand",3
"guardado",3
"guerrilla",3
"hacers",3
"horario",3
"identifica",3
"identificando",3
"identifiqu",3
"ilegal",3
"imparci",3
"impulsarán",3
"incapacidad",3
"incentivar",3
"inciso",3
"incrementar",3
"incremento",3
"indebidament",3
"independientement",3
"indica",3
"individualment",3
"individuo",3
"inescind",3
"infantil",3
"inherent",3
"inpec",3
"inscribir",3
"inscripción",3
"integra",3
"intendencia",3
"intensificar",3
"interamericana",3
"interpretacion",3
"invitado",3
"involuntario",3
"junta",3
"justificada",3
"kit",3
"legítima",3
"leve",3
"lícito",3
"líderesa",3
"limitacion",3
"llegaran",3
"lleguen",3
"llevará",3
"llevarán",3
"logrado",3
"mantienen",3
"mapeo",3
"marcado",3
"medir",3
"mejora",3
"mejoren",3
"mes",3
"mientra",3
"mitigar",3
"moderna",3
"modo",3
"mora",3
"motivada",3
"muert",3
"naci",3
"nariño",3
"neutralizar",3
"notabl",3
"noticia",3
"notr",3
"objetividad",3
"obligado",3
"obr",3
"obstant",3
"ocupado",3
"ocurra",3
"oit",3
"opción",3
"operación",3
"oportunament",3
"opositor",3
"óptimo",3
"órdene",3
"ordinario",3
"original",3
"otorgamiento",3
"partícip",3
"partida",3
"pasado",3
"patrimonio",3
"patron",3
"pedagógica",3
"penalment",3
"perderán",3
"perdón",3
"periodista",3
"permanezcan",3
"permitirá",3
"pertinencia",3
"pesar",3
"peticion",3
"planificación",3
"planificar",3
"plenario",3
"pnn",3
"poblador",3
"podido",3
"positiva",3
"postulacion",3
"potencial",3
"potencialidad",3
"preferencia",3
"prensa",3
"presentada",3
"presentando",3
"presid",3
"pretend",3
"preventivo",3
"prioritariament",3
"pro",3
"probatorio",3
"problemática",3
"procediendo",3
"procesada",3
"producen",3
"producido",3
"profesion",3
"profesional",3
"prospectiva",3
"protegida",3
"proveer",3
"prudenci",3
"psico",3
"públicament",3
"puerto",3
"quedan",3
"quedar",3
"quedará",3
"quién",3
"quieran",3
"rango",3
"realizando",3
"reconozca",3
"recurrida",3
"referenciado",3
"registrada",3
"regulación",3
"regular",3
"regularización",3
"reitera",3
"remisión",3
"renta",3
"reparacion",3
"reposición",3
"representan",3
"representatividad",3
"republica",3
"requerir",3
"requerirá",3
"resarcimiento",3
"residirán",3
"resiembra",3
"respecta",3
"respectivament",3
"respetaremo",3
"respondan",3
"restablecimiento",3
"restant",3
"restauración",3
"restaurativa",3
"resuelva",3
"retributiva",3
"reúnen",3
"reunir",3
"reversar",3
"revisará",3
"romper",3
"saber",3
"salen",3
"salvaguarda",3
"sana",3
"sancionada",3
"seguir",3
"semilla",3
"señal",3
"separado",3
"sere",3
"servir",3
"siguiendo",3
"simbólica",3
"similar",3
"sindicalista",3
"socioambient",3
"socioeconómico",3
"sola",3
"solament",3
"solicitando",3
"solicitant",3
"soport",3
"subrayando",3
"subsidiada",3
"sufragant",3
"sujeta",3
"supervisar",3
"suplent",3
"suprema",3
"surgida",3
"surgir",3
"suspendido",3
"sustituto",3
"tamaño",3
"temprano",3
"tendencia",3
"tendient",3
"tentativa",3
"terrestr",3
"territorialidad",3
"tomada",3
"tomando",3
"tramitación",3
"tramitado",3
"tramitar",3
"tramitará",3
"tramiten",3
"transnacion",3
"transvers",3
"universalidad",3
"universitaria",3
"universo",3
"valorar",3
"varia",3
"velará",3
"venezuela",3
"veracidad",3
"versión",3
"victimizado",3
"vieron",3
"visita",3
"visto",3
"vital",3
"vocerosa",3
"volver",3
"votación",3
"aarak",2
"abolladura",2
"abra",2
"absuelto",2
"acabar",2
"acápit",2
"acatan",2
"accedido",2
"accesorio",2
"acept",2
"acepten",2
"acercar",2
"acompañada",2
"acondicionada",2
"acontecimiento",2
"acreditacion",2
"acrediten",2
"actualizar",2
"actualment",2
"actuar",2
"actuaremo",2
"acumulación",2
"acusar",2
"adecuar",2
"adecuarán",2
"adelantan",2
"administr",2
"administrar",2
"adopt",2
"adopta",2
"adoptado",2
"adquirida",2
"aéreo",2
"aeronav",2
"afectando",2
"afectó",2
"afiliado",2
"afirma",2
"afro",2
"agencia",2
"ágile",2
"agravar",2
"agricultura",2
"air",2
"aislada",2
"ajena",2
"alcancen",2
"alcanza",2
"alcanzarla",2
"alentar",2
"alfanumérico",2
"alguno",2
"aliviar",2
"allá",2
"almacenada",2
"almacenado",2
"amediero",2
"amnistia",2
"amnistiada",2
"ampliado",2
"ampliará",2
"analfabetismo",2
"analizada",2
"analizará",2
"ancestralment",2
"anula",2
"anular",2
"anunci",2
"aparición",2
"apartado",2
"aplicada",2
"aplican",2
"apoyarán",2
"apreciar",2
"aprehensión",2
"aprobará",2
"aproximada",2
"aquel",2
"ara",2
"arauca",2
"archivan",2
"armonía",2
"armonización",2
"art",2
"articulars",2
"asegura",2
"asegurará",2
"asentada",2
"asentamiento",2
"aseo",2
"asign",2
"asignacion",2
"asignada",2
"aspiramo",2
"asumiendo",2
"atacar",2
"atenderán",2
"atendida",2
"atienda",2
"atiendan",2
"atraso",2
"auditoría",2
"aula",2
"aumentar",2
"austeridad",2
"autónomo",2
"autorizada",2
"autosuficiencia",2
"ayudando",2
"banco",2
"baño",2
"barra",2
"beneficiada",2
"benítez",2
"bono",2
"breve",2
"brinda",2
"brindando",2
"bucaramanga",2
"cabal",2
"calendario",2
"calibr",2
"calificarla",2
"calumnia",2
"canalizar",2
"candidatosa",2
"caño",2
"capa",2
"caquetá",2
"cárcel",2
"carcelaria",2
"carretera",2
"causada",2
"cautelar",2
"cedulación",2
"celebrar",2
"celebrarán",2
"cementerio",2
"cesar",2
"chagüí",2
"choqu",2
"cicr",2
"científico",2
"ciento",2
"cinep",2
"circulación",2
"cobijará",2
"coexistencia",2
"coincida",2
"colindan",2
"comercializar",2
"cometieron",2
"comienzo",2
"comparecencia",2
"comparecido",2
"compartida",2
"compartir",2
"complement",2
"complementado",2
"comprend",2
"comprendido",2
"comprobación",2
"comprometamo",2
"comprometan",2
"compulsa",2
"comunicacional",2
"comunicar",2
"comunicativa",2
"concepcion",2
"concernido",2
"concernient",2
"concertará",2
"concib",2
"concierto",2
"conciliación",2
"concluida",2
"concluir",2
"conclusión",2
"concretar",2
"conculca",2
"concurrent",2
"condicionalidad",2
"conexión",2
"confirmación",2
"conformará",2
"conocido",2
"conozca",2
"consignada",2
"consolidado",2
"const",2
"consta",2
"constitucionalment",2
"constituirán",2
"constituya",2
"constreñimiento",2
"construido",2
"construyen",2
"consultada",2
"consultado",2
"consumiremo",2
"contando",2
"contempl",2
"contemplan",2
"contemplarán",2
"contengan",2
"contextualizar",2
"contienen",2
"continua",2
"continúa",2
"continuar",2
"continuidad",2
"contraída",2
"controlar",2
"convención",2
"conversación",2
"convertirs",2
"convocada",2
"convocado",2
"convocarán",2
"cooperativismo",2
"coordina",2
"coordinen",2
"córdoba",2
"corporacion",2
"correcta",2
"corregimiento",2
"costumbr",2
"cree",2
"cruz",2
"cualificado",2
"cualificar",2
"cuándo",2
"cuarto",2
"cuatrien",2
"cubana",2
"cubrir",2
"cuenten",2
"cuestion",2
"cuestión",2
"cuidaremo",2
"culminación",2
"culturalment",2
"cumbr",2
"cumpl",2
"cumplirá",2
"cumplirán",2
"custodio",2
"dañar",2
"dañaremo",2
"dars",2
"década",2
"decena",2
"decidido",2
"declarant",2
"deducir",2
"definan",2
"definiendo",2
"definirs",2
"definitivament",2
"dejacion",2
"dejado",2
"deliberada",2
"delimitar",2
"denominación",2
"densidad",2
"dependiendo",2
"depositaria",2
"depositario",2
"derivan",2
"desarrollado",2
"desarrollen",2
"desarticulación",2
"desastr",2
"descentralizada",2
"desconcentración",2
"descripcion",2
"descriptivo",2
"design",2
"designadosa",2
"designando",2
"designarán",2
"desplegado",2
"desplegará",2
"destinada",2
"destinará",2
"detenido",2
"deteriorado",2
"determinacion",2
"devolución",2
"diaria",2
"dic",2
"difícil",2
"dignificar",2
"dimensión",2
"dinamizar",2
"dinero",2
"dirección",2
"directiva",2
"directric",2
"dirigirá",2
"discriminacion",2
"discriminatorio",2
"discusion",2
"discutido",2
"disponga",2
"dispongan",2
"dispuesta",2
"distancia",2
"distingo",2
"distribuyen",2
"distrito",2
"divergencia",2
"docent",2
"dotado",2
"ecológica",2
"económicament",2
"eeuu",2
"efectú",2
"eficac",2
"ejecuta",2
"ejecutan",2
"ejecuten",2
"ejercerán",2
"ejercido",2
"ejerciendo",2
"elabora",2
"electrificación",2
"elegidosa",2
"eliminar",2
"embera",2
"emitir",2
"emitirá",2
"emocion",2
"empoderamiento",2
"empresari",2
"encaminada",2
"encarga",2
"encargará",2
"encauzar",2
"encontraban",2
"enfrentamiento",2
"enmarcada",2
"entend",2
"entenderán",2
"entendida",2
"entero",2
"entonc",2
"entregada",2
"entregar",2
"entrenamiento",2
"entrevista",2
"enunciación",2
"enunciado",2
"enviará",2
"envío",2
"episcop",2
"época",2
"escogido",2
"escrita",2
"escuchado",2
"esencialment",2
"eslabon",2
"espiritual",2
"estableció",2
"estatutaria",2
"estilo",2
"estimulan",2
"estricta",2
"estricto",2
"estructurado",2
"estudiant",2
"etiqueta",2
"étnicament",2
"evalúa",2
"eviten",2
"exactitud",2
"exaltando",2
"examinar",2
"excepcional",2
"exento",2
"exiliada",2
"exist",2
"existen",2
"exitosa",2
"expedirá",2
"expedito",2
"expida",2
"explicación",2
"explosiva",2
"expresado",2
"expresion",2
"extenderá",2
"extinga",2
"extinguir",2
"extinguirá",2
"extrajudici",2
"exudado",2
"facilidad",2
"facilit",2
"facilitan",2
"facilitando",2
"fallecimiento",2
"falsedad",2
"far",2
"fiel",2
"financiado",2
"físico",2
"flagelo",2
"florencia",2
"focalización",2
"forjar",2
"formalizado",2
"formen",2
"fórmula",2
"formulará",2
"fortalecida",2
"fortalezca",2
"fortuito",2
"forzosament",2
"fosa",2
"frágile",2
"frio",2
"funciona",2
"fundamenta",2
"fundamentada",2
"futura",2
"generalment",2
"genere",2
"gob",2
"gratuidad",2
"gratuito",2
"guardia",2
"habilidad",2
"habilitada",2
"habilitar",2
"habita",2
"habitu",2
"hídrico",2
"holandé",2
"honor",2
"humanismo",2
"humild",2
"hundimiento",2
"idéntico",2
"identificarán",2
"identificatorio",2
"idónea",2
"idun",2
"iern",2
"imaginario",2
"impactar",2
"imper",2
"impid",2
"implementado",2
"implicada",2
"implicará",2
"impongan",2
"improductiva",2
"imputacion",2
"imputada",2
"inalien",2
"inaplicación",2
"incida",2
"incidir",2
"incompleta",2
"incondicion",2
"incorporado",2
"incorporando",2
"incorporen",2
"incumpla",2
"incursion",2
"indicar",2
"indicativo",2
"individualizada",2
"índole",2
"indultado",2
"indultar",2
"inembarg",2
"inexplotación",2
"informacion",2
"informando",2
"informático",2
"informen",2
"ingresa",2
"inhabilidad",2
"inhabilitará",2
"inician",2
"inicien",2
"injuria",2
"injustificada",2
"inmaterial",2
"inmediato",2
"inscrito",2
"inserción",2
"inspirar",2
"intang",2
"integralment",2
"integren",2
"intencionalment",2
"intensidad",2
"intensificación",2
"intercambiar",2
"interconectado",2
"interferir",2
"interinstitucional",2
"internet",2
"interpretar",2
"intersectori",2
"intrafamiliar",2
"investigará",2
"investigativa",2
"investigativo",2
"invitada",2
"invitan",2
"involucramiento",2
"ión",2
"irrelevant",2
"irrumpan",2
"ituango",2
"jamá",2
"jerarquía",2
"jorg",2
"jornada",2
"judicatura",2
"judicialment",2
"jurídicament",2
"jurisdiccional",2
"justa",2
"justificación",2
"juzgado",2
"kilómetro",2
"lactant",2
"larga",2
"latinoamericano",2
"laurel",2
"leccion",2
"legislación",2
"lenguaj",2
"limitará",2
"literal",2
"llega",2
"lleva",2
"lleve",2
"lógica",2
"logr",2
"logra",2
"luz",2
"magistratura",2
"mala",2
"mancomunado",2
"manifestant",2
"manifestar",2
"manifiestan",2
"manipular",2
"mano",2
"manteniendo",2
"mapiripán",2
"margen",2
"marginada",2
"materialic",2
"materialización",2
"matric",2
"medellín",2
"medicina",2
"medición",2
"mención",2
"merecedora",2
"merecen",2
"metodológico",2
"miedo",2
"minería",2
"minimizar",2
"minuta",2
"modificada",2
"motivación",2
"móvil",2
"muerto",2
"multicaus",2
"multicultur",2
"multilateral",2
"multipartidaria",2
"necesariament",2
"necesita",2
"necesitada",2
"negativo",2
"negociación",2
"neutralización",2
"nimd",2
"nombrar",2
"normalizacion",2
"novedad",2
"nuevament",2
"nukak",2
"obedec",2
"objetiva",2
"obligada",2
"obligándos",2
"obligatoria",2
"observado",2
"observadora",2
"observar",2
"ocasion",2
"octubr",2
"ocupan",2
"ofrecerá",2
"olvidar",2
"omisión",2
"oper",2
"opera",2
"operacional",2
"operativa",2
"operativo",2
"opositora",2
"optar",2
"opten",2
"oral",2
"ordenada",2
"origin",2
"otorgu",2
"otorguen",2
"oxidación",2
"padecido",2
"pago",2
"paradigma",2
"parqu",2
"pasarán",2
"pasó",2
"pecuniaria",2
"peligro",2
"penitenciario",2
"per",2
"permanecen",2
"peso",2
"pieza",2
"pisda",2
"planear",2
"planilla",2
"planta",2
"plebiscito",2
"plurianu",2
"pobr",2
"podrían",2
"ponerlo",2
"popayán",2
"popularment",2
"portan",2
"portar",2
"porten",2
"posea",2
"poseído",2
"posesión",2
"posibiliten",2
"posicionamiento",2
"posteriorment",2
"postulación",2
"pre",2
"precursor",2
"preescolar",2
"preferiblement",2
"prelación",2
"preliminar",2
"prepara",2
"presentarán",2
"presidencial",2
"presta",2
"prestar",2
"presum",2
"presumen",2
"pretenda",2
"prevalencia",2
"preventiva",2
"prima",2
"primará",2
"primaria",2
"prioricen",2
"prioritario",2
"prioriza",2
"privativa",2
"privativo",2
"privilegiando",2
"proceda",2
"proceden",2
"procesar",2
"procurar",2
"procurará",2
"procurars",2
"productividad",2
"produzcan",2
"proferido",2
"proferir",2
"proferirá",2
"profiera",2
"profundizar",2
"programática",2
"promocionen",2
"promotoresa",2
"promovido",2
"pronunciars",2
"propaganda",2
"propend",2
"propiciando",2
"propongan",2
"proporciona",2
"propuesto",2
"proscribiendo",2
"proscripción",2
"protagónico",2
"protagonismo",2
"protegerá",2
"proveerá",2
"publicidad",2
"puntual",2
"queda",2
"querido",2
"quibdó",2
"racial",2
"radicación",2
"radio",2
"rajadura",2
"rápido",2
"ratifica",2
"ratificado",2
"ratificar",2
"reactivar",2
"reafirma",2
"real",2
"reasentamiento",2
"recolect",2
"recomendar",2
"recomendará",2
"reconocen",2
"reconstruir",2
"recuperada",2
"redacción",2
"redencion",2
"reducido",2
"reembols",2
"reflej",2
"refleja",2
"reflejen",2
"reflexionar",2
"reforestación",2
"refugiado",2
"regi",2
"regirán",2
"registra",2
"regulado",2
"regulan",2
"regularizando",2
"regularizar",2
"regulen",2
"rehusaran",2
"reingresar",2
"reiterada",2
"relevancia",2
"religiosa",2
"remunerada",2
"rendir",2
"rendirá",2
"renov",2
"reorganiza",2
"repararlo",2
"reparars",2
"repetir",2
"reporta",2
"reportan",2
"representen",2
"requerirán",2
"resarcir",2
"resident",2
"residual",2
"responden",2
"responderá",2
"restaurars",2
"restrictivo",2
"restringida",2
"restringido",2
"resulta",2
"reunirs",2
"revictimización",2
"revocará",2
"revocatoria",2
"riguroso",2
"río",2
"rodolfo",2
"roja",2
"rol",2
"rom",2
"rompa",2
"rotatorio",2
"salido",2
"sanitaria",2
"satisfacen",2
"satisfaga",2
"seccional",2
"secreto",2
"seguidament",2
"semestralment",2
"seno",2
"sentenciada",2
"sesenta",2
"sesion",2
"sesionar",2
"sexista",2
"siglo",2
"signo",2
"silencio",2
"silvopastoril",2
"simpl",2
"simultáneament",2
"sirva",2
"sirvan",2
"sistematización",2
"soberana",2
"socialización",2
"socialment",2
"solicitado",2
"sólida",2
"soportado",2
"sostenimiento",2
"subordinación",2
"subpunto",2
"subrogado",2
"subsidiado",2
"subsistencia",2
"sucedido",2
"sucesivo",2
"suficientement",2
"sufrido",2
"sugier",2
"sujeción",2
"suministra",2
"suministrar",2
"suministrarán",2
"suministren",2
"superintendencia",2
"supervisará",2
"supondrá",2
"supongan",2
"supremo",2
"surgimiento",2
"suscept",2
"suscrib",2
"suscribir",2
"suscrita",2
"suspend",2
"sustituya",2
"tampoco",2
"televisión",2
"temporalidad",2
"terciaria",2
"tercio",2
"titulación",2
"tolima",2
"tomado",2
"toman",2
"trabajará",2
"tradicionalment",2
"tragedia",2
"traje",2
"transformador",2
"transgredir",2
"transitan",2
"transito",2
"transitoriament",2
"transmit",2
"transportada",2
"transportado",2
"tratada",2
"tratando",2
"trato",2
"tribunal",2
"tropa",2
"tumaco",2
"tvedt",2
"uaf",2
"ubica",2
"última",2
"umbral",2
"unasur",2
"uniform",2
"unilater",2
"universalment",2
"unodc",2
"urgent",2
"usar",2
"usuaria",2
"usuario",2
"utilizando",2
"utilizaremo",2
"validación",2
"validez",2
"valledupar",2
"vaya",2
"vean",2
"vehicular",2
"vehículo",2
"vejez",2
"verifiqu",2
"victimizada",2
"villavicencio",2
"vincular",2
"vivan",2
"vivido",2
"voce",2
"votacion",2
"voz",2
"vulnerado",2
"xxx",2
"xxxx",2
"zonificación",2
"abandonaron",1
"abarca",1
"abierto",1
"abord",1
"abordado",1
"aborden",1
"absolución",1
"absolutoria",1
"absolverla",1
"absorb",1
"absorción",1
"abstendrá",1
"acata",1
"acatamiento",1
"acatar",1
"acaten",1
"acces",1
"accionista",1
"acelerarán",1
"aceptamo",1
"aceptando",1
"aceptará",1
"acerquen",1
"aclaracion",1
"acog",1
"acogerá",1
"acogida",1
"acogido",1
"acogiendo",1
"acojan",1
"acompañ",1
"acompañando",1
"acompañará",1
"acompañaran",1
"acondicionado",1
"acondicionamiento",1
"acopia",1
"acopl",1
"acoplars",1
"acordándos",1
"acordar",1
"acordará",1
"acordaran",1
"acordaron",1
"acordemo",1
"acordó",1
"acredit",1
"acreditada",1
"acreedora",1
"activación",1
"activará",1
"actúa",1
"actualic",1
"actualidad",1
"actualizada",1
"actualizará",1
"actuarán",1
"actuó",1
"acueducto",1
"acumulará",1
"ada",1
"adapta",1
"adaptará",1
"adapten",1
"ade",1
"adecuarla",1
"adecuars",1
"adelanta",1
"adelantando",1
"adelantars",1
"adhier",1
"adición",1
"adiestramiento",1
"aditiva",1
"adjunta",1
"adjuntan",1
"adjuntando",1
"adjunto",1
"administracion",1
"administrada",1
"administradora",1
"administraremo",1
"administren",1
"admis",1
"adoptars",1
"adoptó",1
"adquirir",1
"adscritosa",1
"aducir",1
"adversario",1
"adviertan",1
"afectadosa",1
"afectará",1
"afectarán",1
"afecten",1
"afianzando",1
"afiliada",1
"afiliars",1
"afinidad",1
"afrocolombiano",1
"afrontan",1
"agradecemo",1
"agradecimiento",1
"agravación",1
"agraviant",1
"agregaran",1
"agresión",1
"agroecología",1
"agroecológica",1
"agrupará",1
"ahorro",1
"ajusta",1
"ajustado",1
"ajustando",1
"ajustará",1
"ajustarlo",1
"ajustars",1
"ajusten",1
"ala",1
"álape",1
"alarma",1
"alberga",1
"albergan",1
"alcanzarlo",1
"alcohólica",1
"aleatoria",1
"aledaño",1
"alegu",1
"aleguen",1
"alejada",1
"alemania",1
"alentamo",1
"alentando",1
"alert",1
"algu",1
"alimentado",1
"alimentar",1
"alimentarán",1
"alimentario",1
"allegarán",1
"almacén",1
"almacenarán",1
"alojamiento",1
"alsacia",1
"alteracion",1
"alterando",1
"alterna",1
"alterno",1
"aludido",1
"alusión",1
"alzada",1
"amapola",1
"ambigüedad",1
"ambo",1
"amenazar",1
"américa",1
"americano",1
"amerit",1
"ameriten",1
"ametralladora",1
"amistosa",1
"amnistiar",1
"amnistiarán",1
"amplí",1
"amplía",1
"ampliamo",1
"ampliando",1
"ampliarán",1
"amplificador",1
"analizado",1
"analizan",1
"análoga",1
"ancestr",1
"anci",1
"andes",1
"anexando",1
"ángela",1
"anhelo",1
"ani",1
"animal",1
"aniquilamiento",1
"anónima",1
"anotars",1
"anteced",1
"antelación",1
"anteponen",1
"anteun",1
"anti",1
"anulación",1
"anunciado",1
"anunciarán",1
"añadirá",1
"apagado",1
"aparcera",1
"aparec",1
"aparejada",1
"apariencia",1
"apart",1
"apelant",1
"aplicacion",1
"aplicando",1
"apoderamiento",1
"aportarl",1
"apoyaremo",1
"apoyars",1
"apreci",1
"apreciars",1
"aprendida",1
"aprestado",1
"aprobaran",1
"aprobars",1
"apropiará",1
"aprovisionamiento",1
"aproximación",1
"aproximado",1
"apto",1
"apuntalado",1
"apuntar",1
"apuntarán",1
"arauquita",1
"armónica",1
"armonizará",1
"arquitectura",1
"arranqu",1
"arribada",1
"arroj",1
"arrojado",1
"arrojó",1
"artesanal",1
"articul",1
"articulada",1
"articulado",1
"articulador",1
"articulará",1
"articulen",1
"artificial",1
"artística",1
"asegurado",1
"asegurarán",1
"asesora",1
"asesorará",1
"asícomo",1
"asienten",1
"asignarl",1
"asimismo",1
"asistan",1
"asistirá",1
"aspiracion",1
"asum",1
"asuman",1
"asumen",1
"atañen",1
"atiend",1
"atravesado",1
"atribucion",1
"atribución",1
"atribuya",1
"audiovisu",1
"audit",1
"aumentará",1
"aun",1
"autoconstrucción",1
"autoconsumo",1
"autodeterminación",1
"autoestima",1
"automáticament",1
"autónomament",1
"autoresa",1
"autoría",1
"autoriza",1
"autorizacion",1
"autorizadosa",1
"aval",1
"avaló",1
"avancen",1
"avanzará",1
"averiguacion",1
"avicultura",1
"awá",1
"ayuda",1
"ayudar",1
"ayudará",1
"banda",1
"barbari",1
"barrio",1
"basándos",1
"basará",1
"bebida",1
"beca",1
"beneficiar",1
"beneficiarán",1
"beneficiars",1
"beneficien",1
"biblioteca",1
"bienvenida",1
"bilateralidad",1
"biotecnología",1
"bitácora",1
"blanco",1
"blanda",1
"blanqueo",1
"bloqu",1
"boletin",1
"bolivariana",1
"brigada",1
"brind",1
"brindado",1
"brindan",1
"brújula",1
"busquen",1
"cabecera",1
"cabrá",1
"caguán",1
"caigan",1
"calamar",1
"calamidad",1
"caldono",1
"calificar",1
"campamentaria",1
"canalizarla",1
"cancelar",1
"cañaver",1
"capacitarlo",1
"captación",1
"caqueta",1
"cara",1
"caracterizado",1
"carec",1
"carecier",1
"carencia",1
"carib",1
"caribeña",1
"caribeño",1
"carret",1
"carta",1
"cartagena",1
"carter",1
"cartera",1
"carvaj",1
"casación",1
"casera",1
"caserío",1
"caseta",1
"casilla",1
"catalogada",1
"catastral",1
"catatumbo",1
"cátedra",1
"categorizado",1
"causan",1
"causaron",1
"cedaw",1
"cédula",1
"celebrado",1
"celebrará",1
"celeridad",1
"centrada",1
"centrado",1
"centralidad",1
"ceñida",1
"ceñimo",1
"cercana",1
"cercanía",1
"cercano",1
"cerd",1
"ceremonia",1
"cerrada",1
"cerrando",1
"cerrar",1
"certamen",1
"certámen",1
"certificado",1
"certifican",1
"certifiqu",1
"cesen",1
"cevcnr",1
"chairá",1
"chocó",1
"cierto",1
"cimarrona",1
"cincuenta",1
"ción",1
"citac",1
"citada",1
"citado",1
"citadosa",1
"citando",1
"citar",1
"cívico",1
"civilizado",1
"clamor",1
"clandestino",1
"claridad",1
"claro",1
"clase",1
"clasificación",1
"clasificar",1
"clasificarán",1
"clientelismo",1
"clientelista",1
"clima",1
"climático",1
"clube",1
"cmento",1
"coaccion",1
"coacción",1
"coadyuvar",1
"coalición",1
"cobijada",1
"cobijado",1
"cobijar",1
"cobijarán",1
"cobren",1
"cocina",1
"coerción",1
"coetáneo",1
"coexista",1
"cofinanciación",1
"coincidencia",1
"coincidir",1
"colaborador",1
"colectividad",1
"colegio",1
"colinda",1
"colombianoa",1
"colonialismo",1
"colono",1
"com",1
"combatan",1
"combaten",1
"combina",1
"combinación",1
"combinando",1
"combinar",1
"combinarán",1
"comentario",1
"comenzaran",1
"comenzarán",1
"comercializadora",1
"comercio",1
"cometen",1
"cometeremo",1
"comienza",1
"comisionadosa",1
"compañera",1
"compañero",1
"compar",1
"comparecerán",1
"comparezcan",1
"comparten",1
"compartirá",1
"compatibilidad",1
"competirán",1
"complementa",1
"complementar",1
"complementarán",1
"complementars",1
"completado",1
"completament",1
"completarlo",1
"componen",1
"comprenden",1
"comprenderá",1
"comprenderán",1
"comprenders",1
"comprobado",1
"comprobar",1
"comprobará",1
"comprometers",1
"comprometiéndos",1
"comprueba",1
"comunicador",1
"comunicadora",1
"comunicando",1
"comunicars",1
"concedan",1
"concederán",1
"concedido",1
"concejo",1
"concentr",1
"concentrado",1
"concentrará",1
"concentrars",1
"concernida",1
"concertar",1
"concientización",1
"conciernen",1
"concitar",1
"conciudadano",1
"concluya",1
"concluyent",1
"concordant",1
"concordia",1
"concretament",1
"concretará",1
"concreto",1
"concurrencia",1
"concurrió",1
"concurrirá",1
"condenadosa",1
"condensar",1
"condicionant",1
"condon",1
"conduciendo",1
"conexa",1
"confeccionará",1
"confiar",1
"confiará",1
"confidencial",1
"configuración",1
"confin",1
"confinamiento",1
"confirmado",1
"confirmar",1
"confirmarlo",1
"confirmativa",1
"confluyen",1
"conforma",1
"conformarán",1
"conformen",1
"congresista",1
"conmemoracion",1
"conmemorativa",1
"conocerá",1
"conozcan",1
"conp",1
"consagra",1
"consagrada",1
"consagrando",1
"consanguinidad",1
"consejero",1
"consensuada",1
"consentimiento",1
"conservarán",1
"conserven",1
"consideras",1
"consign",1
"consignan",1
"consignar",1
"consistencia",1
"consistent",1
"consoliden",1
"constancia",1
"constatación",1
"constatan",1
"consten",1
"constituirlo",1
"constituirs",1
"constitutiva",1
"constriñ",1
"construccion",1
"construida",1
"consuetudinario",1
"consultarlo",1
"consultora",1
"contentivo",1
"contextualizada",1
"continent",1
"continuado",1
"continúan",1
"continuará",1
"continúen",1
"contorno",1
"contrabando",1
"contractu",1
"contractual",1
"contradiccion",1
"contrapart",1
"contraría",1
"contrastación",1
"contrastan",1
"contrastando",1
"contrastará",1
"contraten",1
"contravención",1
"contribucion",1
"contribuyendo",1
"contrición",1
"controlaría",1
"convenida",1
"conveniencia",1
"convenir",1
"conviert",1
"convierta",1
"conviven",1
"cónyug",1
"cooperar",1
"coord",1
"coordinador",1
"coordinadora",1
"coordinan",1
"corinto",1
"corporación",1
"correctiva",1
"correcto",1
"corredor",1
"corregir",1
"corrupta",1
"cortesía",1
"corto",1
"cosecha",1
"cosmovision",1
"cotejado",1
"cotejando",1
"creando",1
"crecimiento",1
"credo",1
"crítico",1
"cruento",1
"ctep",1
"cti",1
"cualificada",1
"cualificarán",1
"cualifiqu",1
"cuán",1
"cuanta",1
"cuarenta",1
"cuatrienal",1
"cubierta",1
"cuenca",1
"cuestionada",1
"cuidado",1
"culminado",1
"culpabl",1
"cultiv",1
"cultiva",1
"cultivan",1
"cumaribo",1
"cumplimento",1
"cumplió",1
"cumplirs",1
"cupo",1
"cursa",1
"cursen",1
"curvaradó",1
"custodiará",1
"cvsr",1
"dabeiba",1
"dag",1
"dan",1
"dándole",1
"dándose",1
"darl",1
"das",1
"debajo",1
"debieron",1
"débile",1
"debilidad",1
"decálogo",1
"decidiendo",1
"décimo",1
"decisiva",1
"declar",1
"declararán",1
"decretó",1
"décumplimiento",1
"dedicado",1
"defenders",1
"defi",1
"deficiencia",1
"defincion",1
"definen",1
"dejada",1
"dejars",1
"deld",1
"delegar",1
"delegu",1
"deliberacion",1
"deliberadoo",1
"deliberant",1
"delictiva",1
"delimit",1
"delimitado",1
"delimitan",1
"demand",1
"demandan",1
"demarcación",1
"democratizando",1
"demora",1
"demorar",1
"demostrado",1
"demuestra",1
"denegar",1
"denomina",1
"denota",1
"denunciaremo",1
"dependan",1
"dependen",1
"dependerán",1
"deportiva",1
"deportivo",1
"deposita",1
"depositado",1
"depto",1
"depurar",1
"deroga",1
"derogación",1
"des",1
"desactivar",1
"desangrado",1
"desarmado",1
"desarrollada",1
"desarticulando",1
"desatienda",1
"desayuno",1
"descendient",1
"desconcentrando",1
"desconfianza",1
"desconoc",1
"descorté",1
"describan",1
"describiendo",1
"deseado",1
"desempeñen",1
"desenvuelven",1
"deseo",1
"desescalamiento",1
"desesperanza",1
"desestigmatización",1
"desfavorec",1
"deshabilitar",1
"designadoa",1
"designar",1
"desligar",1
"desnutrición",1
"desorientación",1
"despacho",1
"desparecida",1
"desplazan",1
"desplazarán",1
"desplazars",1
"despojada",1
"desposeído",1
"desprestigiaremo",1
"desproporcionada",1
"desproporcionado",1
"destinan",1
"destinarán",1
"destinataria",1
"destinatariosa",1
"destituidoa",1
"destruirá",1
"desviación",1
"desvinculada",1
"desvinculado",1
"desvinculars",1
"detallan",1
"detallar",1
"detallará",1
"detección",1
"detectar",1
"detectars",1
"detenida",1
"determinan",1
"devien",1
"diario",1
"dice",1
"dictan",1
"dictars",1
"dictó",1
"didáctica",1
"dieciséi",1
"difamatorio",1
"diferencian",1
"diferenciarlo",1
"dificulta",1
"dificultan",1
"difirier",1
"difund",1
"difunden",1
"difundido",1
"difundiremo",1
"dignificada",1
"dignificarla",1
"dignifiqu",1
"diligencia",1
"diligenciada",1
"diligenciamiento",1
"diligencian",1
"dinámico",1
"dio",1
"dipaz",1
"directivosa",1
"dirigirs",1
"dirimida",1
"disciplinado",1
"discrepancia",1
"discutan",1
"discutirá",1
"disenso",1
"diseñada",1
"disfruten",1
"disminución",1
"disminuirán",1
"disp",1
"dispondrán",1
"distinción",1
"distinguir",1
"distintiva",1
"distintivo",1
"distribuida",1
"distribuido",1
"distribuir",1
"distribuy",1
"disuasión",1
"divulgado",1
"divulgars",1
"dobl",1
"doblegada",1
"doce",1
"doctrina",1
"document",1
"documentada",1
"documentado",1
"documental",1
"documentan",1
"documentar",1
"dolorosa",1
"domiciliario",1
"donación",1
"donada",1
"dormitorio",1
"dotar",1
"duda",1
"duelo",1
"dueña",1
"dueño",1
"duplicar",1
"durban",1
"ecomúm",1
"edificará",1
"efectúan",1
"efectuarán",1
"efectuaremo",1
"efectuaron",1
"efectúen",1
"eficientement",1
"egar",1
"ejecutado",1
"ejecutándos",1
"ejecutará",1
"ejecutars",1
"ejerza",1
"elabor",1
"elaboran",1
"elaboraran",1
"electorado",1
"electosa",1
"electromagnético",1
"electrónica",1
"electrónico",1
"elegidoa",1
"elegirán",1
"elegirs",1
"elig",1
"eligen",1
"elijan",1
"elimina",1
"emanada",1
"emanado",1
"embarazo",1
"embarcacion",1
"emblema",1
"emblemático",1
"emitan",1
"emiten",1
"emitida",1
"empeñarán",1
"empeñaremo",1
"empleada",1
"empleadosa",1
"emplearán",1
"empoderen",1
"emprendimiento",1
"enaltec",1
"encaminado",1
"encarcelada",1
"encarcelado",1
"encargarán",1
"encenderán",1
"encontraran",1
"encontrars",1
"end",1
"energía",1
"enfatizando",1
"enfermería",1
"enfocada",1
"enfocado",1
"enfrentarán",1
"engranaj",1
"engrandecerla",1
"enjuiciado",1
"enmarcado",1
"enmarcará",1
"eno",1
"enorm",1
"enriqu",1
"enseñanza",1
"entabla",1
"entendemo",1
"entendiendo",1
"entienden",1
"entorno",1
"entran",1
"entrenado",1
"entrevistars",1
"enumera",1
"enunciada",1
"enuncian",1
"enunciarán",1
"enviar",1
"enviarán",1
"enviaron",1
"equilibrio",1
"erradiqu",1
"escalará",1
"esclarezca",1
"esclavización",1
"escog",1
"escogerá",1
"escogida",1
"escogidoa",1
"escojan",1
"escuchar",1
"eslabonan",1
"especializadosa",1
"especifican",1
"especificando",1
"espectro",1
"especulación",1
"espera",1
"esperamo",1
"espionaj",1
"estabilidad",1
"establecers",1
"estableciendo",1
"estadía",1
"estandar",1
"estantería",1
"estimulando",1
"estimulará",1
"estimularán",1
"estimulen",1
"estipulada",1
"estr",1
"estrecha",1
"estructurar",1
"estructurarán",1
"etario",1
"etnodesarrollo",1
"evacuacion",1
"evalú",1
"evaluacion",1
"evaluada",1
"evaluado",1
"eventualidad",1
"eventualment",1
"evidenciar",1
"evidencien",1
"exactament",1
"examen",1
"excelencia",1
"excepto",1
"exceso",1
"excluido",1
"excluir",1
"excluirá",1
"excluirán",1
"exclusiva",1
"excluyendo",1
"excombatient",1
"excusa",1
"exencion",1
"exención",1
"exenta",1
"exhumacion",1
"exhumación",1
"exig",1
"exigencia",1
"exigirlo",1
"existiera",1
"existieren",1
"existió",1
"exitoso",1
"expandir",1
"expedición",1
"expedida",1
"expedido",1
"expedient",1
"expedita",1
"expidan",1
"explicacion",1
"explicar",1
"explorar",1
"exposicion",1
"exposición",1
"expresan",1
"expresará",1
"expresarl",1
"expresen",1
"expropiada",1
"extenderán",1
"extensa",1
"extenso",1
"exterminio",1
"externo",1
"extinguen",1
"extinguido",1
"extinguirán",1
"extorsión",1
"extraditada",1
"extraen",1
"extranjerosa",1
"extraordinaria",1
"extremo",1
"fabricar",1
"fácil",1
"facilita",1
"facilitaron",1
"facultará",1
"fallo",1
"falso",1
"fao",1
"fauna",1
"favorablement",1
"favorec",1
"febrero",1
"federación",1
"femenino",1
"ferocidad",1
"fidelidad",1
"figuren",1
"fijado",1
"fijando",1
"fijarán",1
"fijen",1
"fijo",1
"filtracion",1
"finalic",1
"finalizada",1
"financiadoresa",1
"firmar",1
"fiscalización",1
"fiscalizan",1
"flexibilidad",1
"flexibl",1
"fluida",1
"fluy",1
"fluyen",1
"fomentando",1
"fomentará",1
"fomentaremo",1
"fomenten",1
"fonseca",1
"forja",1
"form",1
"formalizada",1
"formalizar",1
"formarlo",1
"formativo",1
"formul",1
"formula",1
"formulado",1
"formular",1
"fortalezcan",1
"franja",1
"frank",1
"frase",1
"fraudulento",1
"frøystad",1
"fruto",1
"fuero",1
"fuga",1
"funcionen",1
"fundacion",1
"fundada",1
"fundado",1
"fundamentado",1
"fundamentan",1
"fundará",1
"fusil",1
"garantizada",1
"garantizado",1
"garantizarl",1
"garantizars",1
"generalidad",1
"generando",1
"generoso",1
"genético",1
"genuina",1
"geográficament",1
"gesto",1
"globalización",1
"gobernabilidad",1
"gobernador",1
"golpeada",1
"gómez",1
"gonzalo",1
"goza",1
"gozan",1
"gozar",1
"gozará",1
"gozarán",1
"grabacion",1
"gradual",1
"graduar",1
"graduarán",1
"gravement",1
"gravísima",1
"gremial",1
"guajira",1
"guardería",1
"gubernament",1
"gue",1
"guia",1
"guiar",1
"guiará",1
"guiars",1
"habers",1
"habilitación",1
"habilitado",1
"habilitará",1
"habitabilidad",1
"habitación",1
"habiten",1
"hábito",1
"hablando",1
"hacienda",1
"hagamo",1
"halvor",1
"hecha",1
"hechiza",1
"hermana",1
"hermano",1
"hermosa",1
"hidrografía",1
"hija",1
"hijo",1
"históricament",1
"hizo",1
"hogar",1
"holguín",1
"homenaj",1
"homologación",1
"horizontal",1
"hostil",1
"huerta",1
"humedal",1
"iberoamericano",1
"ictj",1
"identificacion",1
"identificador",1
"identifican",1
"identifiquen",1
"idóneo",1
"ilegalidad",1
"ilegalment",1
"ilegítima",1
"iluminarán",1
"ilustr",1
"impactan",1
"impart",1
"imparten",1
"impedido",1
"impedimento",1
"imperativo",1
"imperfecta",1
"impidan",1
"implement",1
"implementando",1
"implemento",1
"implicado",1
"implican",1
"implicar",1
"implicarán",1
"impliqu",1
"impliquen",1
"impondrá",1
"imponers",1
"importación",1
"importadora",1
"impositiva",1
"imprevista",1
"improbación",1
"improcedent",1
"improductivo",1
"impropia",1
"impugnacion",1
"imputación",1
"inadecuada",1
"inalienabilidad",1
"incendio",1
"incentivando",1
"incentiven",1
"incid",1
"inciden",1
"incidiendo",1
"incitan",1
"incluirla",1
"incluirs",1
"incompat",1
"incompatibilidad",1
"incompleto",1
"incorporan",1
"incrementarán",1
"incrementars",1
"incumplan",1
"incumplido",1
"incumpliera",1
"incumplir",1
"incurran",1
"incurren",1
"incurrido",1
"incurrir",1
"indebida",1
"indicación",1
"indican",1
"indicando",1
"indicará",1
"indicarán",1
"indicio",1
"indiferencia",1
"indiquen",1
"indiscut",1
"indisolubl",1
"individuament",1
"indivis",1
"indivisibilidad",1
"indolencia",1
"indultada",1
"indultarán",1
"industrial",1
"ineluctablement",1
"inembargabilidad",1
"inequidad",1
"inexplotada",1
"inferir",1
"infiltración",1
"infligido",1
"influy",1
"info",1
"informal",1
"informática",1
"infracción",1
"infringido",1
"ingresará",1
"inhabilitada",1
"iniciado",1
"iniciamo",1
"iniciara",1
"ininterrumpida",1
"ininterrumpido",1
"inist",1
"injusticia",1
"inmut",1
"inmutabilidad",1
"inobservancia",1
"inocencia",1
"inquebrant",1
"insatisfecha",1
"inscripcion",1
"insignia",1
"inspeccion",1
"inspiran",1
"inst",1
"instala",1
"instalado",1
"instalará",1
"instalarán",1
"instars",1
"instigación",1
"instigadoresa",1
"insurgent",1
"íntegrament",1
"integrarla",1
"integraron",1
"intencion",1
"intensificarán",1
"intensifiqu",1
"intentado",1
"interactivo",1
"interceptar",1
"intercultural",1
"interdependencia",1
"interdependient",1
"interdicción",1
"interdisciplinariedad",1
"interdisciplinario",1
"intereclesi",1
"interesada",1
"interétnico",1
"interferirá",1
"interlocutor",1
"interlocutora",1
"intermediación",1
"intermedio",1
"internacionalización",1
"internada",1
"interrelación",1
"intervendrán",1
"intervenido",1
"intervenir",1
"interviniendo",1
"intolerancia",1
"intramur",1
"introducirá",1
"invalidada",1
"invertido",1
"investigadora",1
"investigando",1
"invita",1
"invitará",1
"invocar",1
"involucra",1
"involucran",1
"involucrando",1
"involucrarán",1
"involucren",1
"irá",1
"irradiar",1
"irregular",1
"irrenunci",1
"irrestricto",1
"jaramillo",1
"jerárquica",1
"jesú",1
"jiguamiandó",1
"jiw",1
"joaquín",1
"juan",1
"jubilars",1
"juego",1
"jugar",1
"juramento",1
"juridica",1
"jurisprudenci",1
"jurisprudencial",1
"jurista",1
"justificaron",1
"justo",1
"juvenil",1
"katío",1
"lactancia",1
"latinoamericana",1
"lazo",1
"legado",1
"legalment",1
"legitimación",1
"legitimado",1
"levanta",1
"liberación",1
"liberada",1
"liberalización",1
"libertador",1
"licencia",1
"lícita",1
"lidera",1
"liderar",1
"lidereza",1
"ligada",1
"limita",1
"limitado",1
"limiten",1
"liquiden",1
"literalidad",1
"literalment",1
"litigio",1
"llamamiento",1
"llave",1
"llegamo",1
"llegara",1
"llegó",1
"llegu",1
"lleguemo",1
"llena",1
"llenar",1
"llevarla",1
"lleven",1
"locacion",1
"locomoción",1
"lógico",1
"logo",1
"lograremo",1
"logren",1
"losa",1
"luca",1
"luce",1
"luchar",1
"lucrándos",1
"macarena",1
"mafia",1
"mal",1
"mandado",1
"manifestado",1
"manifestarán",1
"manifestars",1
"manifiest",1
"manifiesto",1
"manipularán",1
"mantendremo",1
"manuel",1
"manutención",1
"mapear",1
"marcada",1
"marcar",1
"maría",1
"marihuana",1
"masculino",1
"masivo",1
"maternidad",1
"mec",1
"medi",1
"mediando",1
"mejorando",1
"menoscabar",1
"mensaj",1
"mental",1
"menudo",1
"merec",1
"merecerá",1
"merecerán",1
"meseta",1
"meti",1
"metro",1
"micro",1
"microfundio",1
"mil",1
"miliciano",1
"militant",1
"mini",1
"minifundio",1
"minimic",1
"minimicen",1
"minoría",1
"minoritario",1
"minucioso",1
"misional",1
"mixta",1
"modera",1
"modernización",1
"modernizar",1
"modifica",1
"modificacion",1
"modificar",1
"modificarán",1
"moe",1
"mojon",1
"mona",1
"monitora",1
"monitore",1
"monitoreará",1
"montañita",1
"motivar",1
"móvile",1
"movilizacion",1
"movilizar",1
"movilizará",1
"mozot",1
"mpio",1
"mucha",1
"muebl",1
"muerta",1
"multiplicarán",1
"multipropósito",1
"museo",1
"mutua",1
"mutual",1
"nacido",1
"nacionalment",1
"nadi",1
"naranjo",1
"narcótico",1
"narración",1
"nas",1
"nativa",1
"nave",1
"necesitado",1
"negación",1
"negado",1
"negar",1
"negoci",1
"negociadora",1
"negociar",1
"nexo",1
"nicho",1
"nici",1
"nivelación",1
"noción",1
"nombrado",1
"nort",1
"nota",1
"notificará",1
"notorio",1
"nutricional",1
"nutritiva",1
"nyland",1
"obedecerá",1
"obedeció",1
"objeción",1
"obligadosa",1
"obligará",1
"obligu",1
"obrado",1
"observada",1
"observará",1
"obtenido",1
"obtien",1
"obtuvo",1
"ocla",1
"ocular",1
"ocup",1
"ocupa",1
"ocurran",1
"odontología",1
"oea",1
"oei",1
"ofrecerán",1
"ofreceremo",1
"ofreciendo",1
"ofrecimiento",1
"ofrezca",1
"oída",1
"oído",1
"oímo",1
"oirán",1
"omitido",1
"onc",1
"ong",1
"operadora",1
"operando",1
"operar",1
"opinion",1
"opon",1
"oponen",1
"opongan",1
"optado",1
"óptima",1
"optimización",1
"optimizar",1
"ordena",1
"ordenado",1
"ordenan",1
"ordenar",1
"ordenará",1
"organic",1
"orgánica",1
"organizador",1
"organizadora",1
"organizadoresa",1
"organizan",1
"organizará",1
"orient",1
"orienta",1
"orientacion",1
"originada",1
"originado",1
"óscar",1
"oscuridad",1
"ositi",1
"oslo",1
"ostenta",1
"ostentará",1
"otorgando",1
"otorgaron",1
"pablo",1
"pacífico",1
"pactada",1
"paga",1
"palabra",1
"paliativa",1
"pan",1
"paquet",1
"paralelament",1
"paramédico",1
"páramo",1
"parapolítica",1
"parcial",1
"paritario",1
"parten",1
"partición",1
"particip",1
"participacion",1
"participará",1
"participaremo",1
"participó",1
"partidista",1
"partiendo",1
"partirá",1
"partirán",1
"parto",1
"pastor",1
"pearl",1
"pecuaria",1
"pedido",1
"pedir",1
"penado",1
"pendient",1
"pension",1
"pénsum",1
"peor",1
"percepción",1
"percibida",1
"pérdida",1
"perimetr",1
"perimetral",1
"periodicidad",1
"periodístico",1
"permanecerán",1
"permanentement",1
"permeado",1
"permitida",1
"permitido",1
"permitieron",1
"perpetuado",1
"perseguida",1
"perseguirá",1
"persisten",1
"persistent",1
"personero",1
"persuadirlo",1
"pertenecen",1
"pertenecido",1
"pertrecho",1
"perturban",1
"pidan",1
"pidiendo",1
"piensan",1
"pierda",1
"pilar",1
"pintado",1
"piscicultura",1
"pistola",1
"planada",1
"planteado",1
"planteen",1
"plasmado",1
"plenipotenciaria",1
"plie",1
"plural",1
"plurianual",1
"pluriétnica",1
"pnud",1
"poblacional",1
"poblado",1
"poco",1
"policarpa",1
"políticament",1
"ponen",1
"ponerno",1
"porcentaj",1
"portada",1
"portal",1
"pose",1
"poseedor",1
"poseedora",1
"poseen",1
"posesionado",1
"posesionará",1
"posiblement",1
"posición",1
"positivament",1
"postular",1
"potenci",1
"potenciación",1
"preámbulo",1
"precedent",1
"precepto",1
"precisado",1
"precisan",1
"precisando",1
"precisar",1
"precisarán",1
"preciso",1
"preclusión",1
"predominantement",1
"preferentement",1
"premisa",1
"preocupada",1
"preparativo",1
"preparatoria",1
"preponderantement",1
"prepotent",1
"prescribirá",1
"presenci",1
"presentan",1
"presentarl",1
"preservada",1
"preservado",1
"preservarla",1
"presida",1
"presidentea",1
"presidida",1
"presidido",1
"prest",1
"prestacion",1
"prestadora",1
"prestando",1
"prestará",1
"presten",1
"presteza",1
"presuman",1
"presumir",1
"presupuestación",1
"presupuestal",1
"pretenden",1
"prevalecen",1
"prevalecerá",1
"prevalecerán",1
"prevean",1
"prevendrá",1
"prevenirla",1
"prever",1
"preverán",1
"previendo",1
"previniendo",1
"prevision",1
"primen",1
"primordial",1
"prioric",1
"priorizándos",1
"priorizar",1
"prisionero",1
"privacidad",1
"privacion",1
"privatización",1
"privilegiará",1
"procedan",1
"procedencia",1
"procedimental",1
"procesa",1
"procesamiento",1
"procurando",1
"procurarán",1
"producirá",1
"produjo",1
"proferirán",1
"proferirs",1
"profesión",1
"profunda",1
"profundo",1
"programación",1
"progresión",1
"progreso",1
"proliferación",1
"prolongada",1
"promocion",1
"promocionando",1
"promovers",1
"promuev",1
"propenderá",1
"propicien",1
"propietaria",1
"propietariosa",1
"propondrá",1
"proponga",1
"proporcion",1
"proporcional",1
"proporcionalidad",1
"proporcionalment",1
"proporcionan",1
"proporcionará",1
"proporcionarl",1
"proposición",1
"prorroga",1
"prorrogado",1
"prorrogars",1
"proscriba",1
"proselitismo",1
"protegiendo",1
"protestan",1
"provean",1
"proveedor",1
"proveerán",1
"provendrá",1
"provendrán",1
"provengan",1
"provenir",1
"provisionalment",1
"provocaren",1
"provoquen",1
"próximo",1
"proyectado",1
"psicológica",1
"ptac",1
"publicada",1
"publicado",1
"publico",1
"pudiera",1
"pudieran",1
"punibley",1
"punitiva",1
"puso",1
"putumayo",1
"quedó",1
"queja",1
"quepa",1
"queremo",1
"químico",1
"racion",1
"radica",1
"radicado",1
"ras",1
"rastreo",1
"razonabilidad",1
"reacomodamiento",1
"reafirman",1
"reagrupación",1
"realizars",1
"reapertura",1
"rebaja",1
"rebeliónsediciónasonadaconspiración",1
"recaer",1
"recaudará",1
"recauden",1
"recaudo",1
"recepcion",1
"recepciona",1
"rechazan",1
"rechazar",1
"reciban",1
"recibimiento",1
"recibimo",1
"recibo",1
"recién",1
"reciprocidad",1
"reclamado",1
"recog",1
"recogen",1
"recogido",1
"recoja",1
"recojan",1
"recolectoresa",1
"recomendación",1
"recomposición",1
"reconocerá",1
"reconocerán",1
"reconocers",1
"reconocieron",1
"reconversión",1
"recopila",1
"recopilación",1
"rectificación",1
"recuperado",1
"recuperar",1
"recurrir",1
"recusación",1
"red",1
"redacta",1
"redactar",1
"redefinir",1
"redireccionar",1
"rediseño",1
"reduzca",1
"reemplac",1
"referenciación",1
"reflejan",1
"reflejar",1
"reformulación",1
"reforzada",1
"refugiada",1
"regalía",1
"regímen",1
"regirá",1
"regirs",1
"registran",1
"registrar",1
"registrarán",1
"registren",1
"reglamentan",1
"reglamentario",1
"regresar",1
"regresividad",1
"regreso",1
"regul",1
"reguladora",1
"regularment",1
"reiteramo",1
"reiteran",1
"reivindicacion",1
"relacionan",1
"relacionaremo",1
"relatar",1
"religión",1
"relocalización",1
"remediar",1
"remedio",1
"remit",1
"remiten",1
"remitirán",1
"removerán",1
"remuneración",1
"rendirán",1
"rendirla",1
"renovará",1
"reparado",1
"reparar",1
"repartiendo",1
"repertorio",1
"repetida",1
"repita",1
"repitan",1
"réplica",1
"repliegu",1
"reportaj",1
"repos",1
"represent",1
"representa",1
"representado",1
"representando",1
"representar",1
"reproch",1
"reproducción",1
"reproductiva",1
"reproductivo",1
"reprodujo",1
"requerírsela",1
"resaltar",1
"resarcida",1
"resguardo",1
"residuo",1
"resiliencia",1
"resolverá",1
"respaldar",1
"respeten",1
"respetivo",1
"respetuosa",1
"respondido",1
"respondiendo",1
"responsabilizars",1
"restablec",1
"restableciendo",1
"restaurador",1
"restauradora",1
"restaurativo",1
"restituyan",1
"restrepo",1
"restrictiva",1
"restringen",1
"resuelto",1
"resuelv",1
"resuelvan",1
"resuelven",1
"resultant",1
"resultara",1
"resultaren",1
"resultó",1
"resumen",1
"resurgimiento",1
"resurjan",1
"retención",1
"retirará",1
"retiro",1
"retomar",1
"retraso",1
"retroactivo",1
"retroalimentar",1
"reún",1
"reunido",1
"reunificación",1
"reversión",1
"revertir",1
"reviertan",1
"revirtiendo",1
"revisa",1
"revisado",1
"revision",1
"rica",1
"ricardo",1
"rige",1
"rigiendo",1
"rigor",1
"rigurosa",1
"rigurosament",1
"rinda",1
"rindan",1
"rio",1
"riqueza",1
"rma",1
"robustec",1
"robustecimiento",1
"robusto",1
"ropa",1
"roy",1
"ruralidad",1
"salario",1
"saldrá",1
"saldrán",1
"salgan",1
"salvador",1
"salvaguardar",1
"salvaguardia",1
"sancionarla",1
"sandino",1
"santand",1
"santo",1
"santrich",1
"satelit",1
"satisfagan",1
"satisfecho",1
"secretariado",1
"secretarioa",1
"sectori",1
"secuestro",1
"sed",1
"sedición",1
"seducción",1
"seguirá",1
"seguirán",1
"selecciona",1
"seleccionada",1
"seleccionarán",1
"sensibilizar",1
"sensibl",1
"sentir",1
"señala",1
"señalamiento",1
"señor",1
"séptimo",1
"sepultura",1
"sergio",1
"servido",1
"servidora",1
"sesgada",1
"sesgo",1
"sesionará",1
"severament",1
"severidad",1
"sexismo",1
"sexogénero",1
"sida",1
"siembra",1
"sienta",1
"sientan",1
"sienten",1
"siet",1
"significado",1
"significancia",1
"significar",1
"significará",1
"significarán",1
"significativo",1
"sigu",1
"simbólico",1
"simplement",1
"simultánea",1
"simultaneo",1
"sindicato",1
"síntesi",1
"sintética",1
"siquiera",1
"sirvieron",1
"sistemático",1
"sistematiz",1
"smmlv",1
"soberano",1
"socava",1
"socioambiental",1
"solemn",1
"solicitada",1
"solicitan",1
"solicitarán",1
"solicitarl",1
"solicitarla",1
"soliciten",1
"solidario",1
"sólido",1
"sometan",1
"someten",1
"someterán",1
"someters",1
"soporta",1
"soportada",1
"sospechosa",1
"sostien",1
"subdirectora",1
"subsidiariament",1
"subsidiario",1
"subsisten",1
"substancial",1
"suced",1
"sucedieron",1
"sucio",1
"suecia",1
"suficiencia",1
"sufren",1
"sufrida",1
"sufrieron",1
"sufrir",1
"sugerirl",1
"sugieran",1
"suiza",1
"sum",1
"suministrado",1
"suministran",1
"suministrará",1
"suministró",1
"super",1
"superado",1
"supervisa",1
"supervisada",1
"suplemento",1
"suplida",1
"suplir",1
"suponen",1
"surg",1
"surgido",1
"surt",1
"suscriban",1
"suscribieron",1
"suscribirá",1
"suscribirán",1
"suscribiráun",1
"suscripción",1
"suspensivo",1
"sustenta",1
"sustentada",1
"sustentan",1
"sustento",1
"sustraccion",1
"sustraers",1
"tabula",1
"tabulación",1
"tabulada",1
"tacto",1
"taller",1
"tame",1
"tangibl",1
"tarifa",1
"tasada",1
"telefonía",1
"telemedicina",1
"téllez",1
"temporalment",1
"temporaria",1
"tempranament",1
"tendenciosa",1
"tenderán",1
"teners",1
"teoría",1
"termin",1
"terminada",1
"terminen",1
"terr",1
"testaferro",1
"tibú",1
"típicament",1
"tipificada",1
"tipificado",1
"tipología",1
"todosa",1
"tomaremo",1
"tomen",1
"topográfica",1
"totalment",1
"trabajamo",1
"trabajar",1
"trabajen",1
"tráfico",1
"transcrib",1
"transcripción",1
"transcurrir",1
"transferencia",1
"transferido",1
"transferir",1
"transgénico",1
"transmitida",1
"transportan",1
"transportando",1
"transportar",1
"transversalidad",1
"trascendental",1
"traslada",1
"trasladado",1
"trasladarán",1
"trasnacional",1
"trasparencia",1
"trasparent",1
"trasport",1
"trasvers",1
"tratan",1
"tratar",1
"tratarán",1
"tratars",1
"trátese",1
"traviesa",1
"trayectoria",1
"treinta",1
"tribal",1
"tributo",1
"trocha",1
"tutela",1
"tuvieren",1
"ubicar",1
"ubicará",1
"ubicarán",1
"ubicars",1
"ubiquen",1
"uctu",1
"uhf",1
"unesco",1
"unid",1
"uniformada",1
"unilateralment",1
"uninomin",1
"universal",1
"universitario",1
"urgida",1
"usado",1
"usanza",1
"usarán",1
"usaremo",1
"usarla",1
"usurpación",1
"útile",1
"utilicen",1
"utilidad",1
"utiliza",1
"utilizan",1
"validado",1
"validen",1
"válido",1
"valorando",1
"vamo",1
"van",1
"variabl",1
"variación",1
"variada",1
"variado",1
"vece",1
"vecindad",1
"veedor",1
"veedora",1
"veinticuatro",1
"velar",1
"velarán",1
"vele",1
"velocidad",1
"vencido",1
"venido",1
"venta",1
"ventaja",1
"verbal",1
"verdadero",1
"verificabilidad",1
"verificadora",1
"verificando",1
"vers",1
"vertical",1
"vhf",1
"viabilización",1
"viabilizado",1
"viabilizar",1
"viajaron",1
"vicent",1
"vichada",1
"victoria",1
"vienen",1
"vigía",1
"vigoric",1
"vih",1
"villa",1
"vincul",1
"vinculan",1
"vinculará",1
"vinculen",1
"violar",1
"violatorio",1
"violen",1
"violenta",1
"visibilizar",1
"visitant",1
"visitar",1
"visual",1
"vívere",1
"vivida",1
"vocería",1
"voluntariedad",1
"vos",1
"votada",1
"vulneracion",1
"vulnerando",1
"vulnerar",1
"vulneren",1
"web",1
"xxxxxx",1
"zanjar",1
"zvt",1
